key,value,n
addr:country,DE,314762
addr:country,TW,54001
addr:country,AT,47979
addr:country,US,39478
addr:country,IT,37709
addr:country,GB,37474
addr:country,AR,20004
addr:country,LV,19649
addr:country,IQ,15942
addr:country,SE,15532
addr:country,CH,14847
addr:country,MD,13994
addr:country,DZ,12942
addr:country,CL,11786
addr:country,FR,8798
addr:country,CZ,7002
addr:country,ZA,6914
addr:country,RU,6672
addr:country,FI,5654
addr:country,UY,5649
addr:country,GR,5623
addr:country,PL,4833
addr:country,NL,4680
addr:country,AM,4521
addr:country,RO,4051
addr:country,BE,3903
addr:country,UG,3890
addr:country,PT,3818
addr:country,BY,3791
addr:country,UZ,3751
addr:country,BR,3405
addr:country,PK,3233
addr:country,HT,3047
addr:country,SG,2775
addr:country,TR,2612
addr:country,VE,2207
addr:country,JP,2047
addr:country,MY,2023
addr:country,AU,1894
addr:country,CA,1846
aeroway,aerodrome,90
aeroway,airstrip,52
aeroway,windsock,31
aeroway,fuel,24
aeroway,helipad,13
aeroway,parking_position,13
aeroway,check-in,7
aeroway,terminal,3
aeroway,no,3
aeroway,navigationaid,2
aeroway,yes,2
aeroway,lounge,2
aeroway,obstacle,1
aeroway,gate,1
aeroway,aircraft_crossing,1
aeroway,airplane,1
aeroway,hangar,1
aeroway,club,1
artwork_type,sculpture,112233
artwork_type,statue,81005
artwork_type,mural,27428
artwork_type,installation,15076
artwork_type,bust,8429
artwork_type,graffiti,8388
artwork_type,mosaic,3108
artwork_type,stone,2589
artwork_type,painting,2386
artwork_type,relief,2183
artwork_type,architecture,1017
artwork_type,dwarf,822
artwork_type,street_art,743
artwork_type,mural_painting,661
artwork_type,aircraft,422
artwork_type,vase,337
artwork_type,stele,334
artwork_type,poem,311
artwork_type,totem_pole,311
artwork_type,tilework,303
artwork_type,fountain,295
artwork_type,column,219
artwork_type,land_art,182
artwork_type,ornamental_vase,168
artwork_type,pinwheel,163
artwork_type,photo,151
artwork_type,azulejo,151
artwork_type,carving,145
artwork_type,star,129
artwork_type,szekely_gate,114
artwork_type,figurine,105
artwork_type,woodcarving,73
artwork_type,city_entrance,66
artwork_type,falla,66
artwork_type,sign,59
artwork_type,bench,55
artwork_type,plate,51
artwork_type,plaque,47
artwork_type,sgraffito,46
artwork_type,rock,42
attraction,animal,7739
attraction,amusement_ride,630
attraction,historic,485
attraction,roller_coaster,324
attraction,carousel,198
attraction,yes,190
attraction,big_wheel,157
attraction,water_slide,138
attraction,miniature_replica,135
attraction,boat_ride,129
attraction,maze,113
attraction,train,111
attraction,winery,92
attraction,drop_tower,71
attraction,summer_toboggan,65
attraction,river_rafting,56
attraction,tourism,56
attraction,natural,49
attraction,log_flume,47
attraction,pirate_ship,46
attraction,kiddie_ride,45
attraction,swing_carousel,42
attraction,alpine_coaster,38
attraction,bumper_car,35
attraction,dark_ride,31
attraction,nature,29
attraction,formal_garden,29
attraction,wine_tasting,28
attraction,garden,26
attraction,carriage_ride,24
attraction,bungee_jumping,24
attraction,balloon_ride,23
attraction,plane,20
attraction,slide,17
attraction,artwork,17
attraction,waterfall,17
attraction,Shopping,16
attraction,swing,15
attraction,show,12
attraction,aviary,12
board_type,history,99677
board_type,nature,64289
board_type,notice,32559
board_type,wildlife,13244
board_type,plants,12889
board_type,welcome_sign,12654
board_type,public_transport,10863
board_type,geology,8393
board_type,information,6355
board_type,sport,3228
board_type,rules,3212
board_type,board,2748
board_type,map,2446
board_type,sight,2097
board_type,warning,2025
board_type,hiking,1754
board_type,tourism,1140
board_type,art,1107
board_type,technology,961
board_type,geography,920
board_type,planet_walk,731
board_type,astronomy,441
board_type,religion,422
board_type,name,367
board_type,architecture,283
board_type,history;nature,188
board_type,water_safety_boad,168
board_type,nature;history,133
board_type,infrastructure,126
board_type,hazard,118
board_type,nature;rules,99
board_type,district,97
board_type,story,90
board_type,forestry,90
board_type,song,82
board_type,panorama,69
board_type,poem,69
board_type,agriculture,67
board_type,qr,62
board_type,hiking_trails,58
brand,Ozon,32115
brand,Royal Mail,21968
brand,Subway,19251
brand,7-Eleven,18876
brand,Paczkomat InPost,18613
brand,Shell,14691
brand,HELLO CYCLING,13993
brand,Starbucks,13345
brand,Пятёрочка,12990
brand,Deutsche Post,12937
brand,Canada Post,12811
brand,Сбербанк,12553
brand,McDonald's,12013
brand,La Poste,10448
brand,DHL Packstation,9544
brand,Posten,9438
brand,Domino's,8363
brand,Магнит,8064
brand,KFC,7302
brand,Żabka,7219
brand,YouBike 2.0,7004
brand,Wildberries,6707
brand,Packeta,6546
brand,BP,6489
brand,Post Office,6452
brand,Burger King,6298
brand,7-ELEVEN,6228
brand,FamilyMart,5910
brand,Anganwadi,5773
brand,Crédit Agricole,5658
brand,Esso,5558
brand,Spar,5432
brand,Euronet,5314
brand,Почта России,5261
brand,Dunkin',5021
brand,Pizza Hut,4896
brand,Tesla Supercharger,4738
brand,Docomo Bike Share,4666
brand,Geldmaat,4583
brand,Красное&Белое,4545
building,yes,30417
building,bunker,8453
building,chapel,8235
building,mosque,7518
building,church,6638
building,wayside_shrine,3585
building,public,1945
building,kiosk,1933
building,retail,1750
building,roof,1598
building,commercial,1251
building,school,961
building,office,812
building,house,808
building,hut,668
building,temple,626
building,ruins,547
building,no,411
building,civic,406
building,toilets,330
building,cabin,320
building,supermarket,298
building,shed,285
building,industrial,283
building,residential,266
building,apartments,259
building,abandoned,250
building,shrine,228
building,religious,221
building,tulou,221
building,hotel,189
building,garage,181
building,hospital,150
building,wayside_chapel,137
building,warehouse,126
building,construction,119
building,gazebo,112
building,clinic,112
building,shop,107
building,detached,102
club,sport,2192
club,scout,1097
club,yes,378
club,social,254
club,automobile,130
club,music,113
club,culture,81
club,board_games,62
club,veterans,61
club,jazz,54
club,freemasonry,51
club,motorcycle,49
club,history,49
club,student,48
club,dog,35
club,sailing,35
club,doityourself,35
club,bicycle,33
club,linux,33
club,nature,30
club,peña,29
club,fishing,29
club,charity,28
club,art,27
club,youth,26
club,amateur_radio,25
club,game,25
club,ethnic,24
club,tourism,21
club,theatre,20
club,computer,19
club,youth_movement,18
club,religion,18
club,chess,17
club,cinema,17
club,scuba_diving,15
club,aviation,13
club,dance,12
club,politics,12
club,model_railway,11
colour,brown,217818
colour,green,57651
colour,black,38236
colour,gray,34968
colour,red,31387
colour,white,27156
colour,yellow,20138
colour,grey,18848
colour,blue,18558
colour,orange,9654
colour,silver,7947
colour,purple,3137
colour,blue;grey,2327
colour,darkgreen,2142
colour,maroon,1846
colour,dark brown,1411
colour,gold,1318
colour,"#000000",1084
colour,dimgray,976
colour,beige,909
colour,"#e2a300",858
colour,mediumturquoise,807
colour,tan,787
colour,lightgrey,634
colour,light brown,623
colour,lime,620
colour,"#CD853F",545
colour,yellow;green,543
colour,"#c0c0c0",477
colour,"#ffffff",460
colour,natural,439
colour,navy,435
colour,whitesmoke,410
colour,"#804000",374
colour,"#79db58",371
colour,grey;orange,371
colour,cyan,367
colour,"#63452c",350
colour,pink,340
colour,"#804040",334
denomination,catholic,109393
denomination,roman_catholic,51584
denomination,baptist,25927
denomination,theravada,12835
denomination,sunni,11920
denomination,orthodox,10716
denomination,methodist,8251
denomination,pentecostal,6955
denomination,lutheran,6286
denomination,evangelical,5299
denomination,protestant,5168
denomination,greek_orthodox,4223
denomination,presbyterian,3823
denomination,shia,2917
denomination,jehovahs_witness,2884
denomination,anglican,2285
denomination,seventh_day_adventist,1961
denomination,mormon,1802
denomination,russian_orthodox,1736
denomination,tibetan,1613
denomination,georgian_orthodox,1167
denomination,reformed,772
denomination,greek_catholic,678
denomination,hindu,614
denomination,romanian_orthodox,548
denomination,nondenominational,546
denomination,episcopal,513
denomination,united_methodist,479
denomination,adventist,454
denomination,assemblies_of_god,451
denomination,shingon_shu,311
denomination,salvation_army,310
denomination,uniting,301
denomination,new_apostolic,297
denomination,iglesia_ni_cristo,270
denomination,neo-pentecostal,267
denomination,serbian_orthodox,266
denomination,united,256
denomination,armenian_apostolic,254
denomination,quaker,250
emergency,yes,7303
emergency,no,6656
emergency,access_point,2568
emergency,defibrillator,1666
emergency,phone,1373
emergency,fire_hydrant,893
emergency,assembly_point,639
emergency,disaster_response,593
emergency,ambulance_station,348
emergency,emergency_ward_entrance,162
emergency,water_rescue,102
emergency,slipway,85
emergency,marine_rescue,81
emergency,water_tank,72
emergency,designated,65
emergency,fire_hose,56
emergency,lifeguard,55
emergency,fire_extinguisher,49
emergency,life_ring,37
emergency,first_aid_kit,32
emergency,control_centre,30
emergency,psap,25
emergency,fire_detection_system,23
emergency,mountain_rescue,23
emergency,suction_point,21
emergency,map,15
emergency,landing_site,13
emergency,siren,13
emergency,rescue_box,13
emergency,police,11
emergency,first_aid,11
emergency,drinking_water,11
emergency,evacuation_centre,10
emergency,coast_guard,8
emergency,lifeboat_station,7
emergency,sos_point,7
emergency,fire_station,7
emergency,medicine_cabinet,6
emergency,key_depot,6
emergency,furnace,6
highway,milestone,11771
highway,bus_stop,5267
highway,street_lamp,4938
highway,emergency_access_point,4298
highway,trailhead,966
highway,rest_area,801
highway,crossing,302
highway,turning_circle,268
highway,platform,233
highway,elevator,176
highway,services,166
highway,traffic_signals,123
highway,toll_gantry,96
highway,hitchhiking,89
highway,traffic_mirror,62
highway,mini_roundabout,52
highway,footway,50
highway,traffic_sign,30
highway,speed_camera,29
highway,service,28
highway,stop,28
highway,give_way,24
highway,steps,23
highway,turning_loop,19
highway,emergency_bay,14
highway,path,13
highway,passing_place,12
highway,10.8,11
highway,via_ferrata,11
highway,track,10
highway,yes,9
highway,unclassified,8
highway,pedestrian,8
highway,construction,7
highway,raceway,7
highway,motorway_junction,6
highway,disused,5
highway,road,4
highway,residential,4
highway,tertiary,3
landuse,military,825
landuse,retail,655
landuse,quarry,463
landuse,industrial,251
landuse,commercial,220
landuse,cemetery,208
landuse,recreation_ground,177
landuse,residential,112
landuse,religious,90
landuse,farmland,77
landuse,farmyard,46
landuse,landfill,43
landuse,plant_nursery,41
landuse,forest,36
landuse,education,31
landuse,meadow,30
landuse,vineyard,30
landuse,village_green,26
landuse,grass,26
landuse,allotments,25
landuse,construction,25
landuse,orchard,23
landuse,aquaculture,19
landuse,animal_keeping,16
landuse,winter_sports,15
landuse,farm,13
landuse,basin,12
landuse,mining,10
landuse,apiary,7
landuse,mine,7
landuse,depot,7
landuse,institutional,6
landuse,garages,6
landuse,playground,5
landuse,harbour,5
landuse,reservoir,5
landuse,flowerbed,4
landuse,park,4
landuse,fixme,4
landuse,governmental,3
location,outdoor,158539
location,underground,33257
location,overground,28668
location,indoor,5229
location,surface,2795
location,wall,1022
location,roof,884
location,overhead,668
location,pole,624
location,permanent,418
location,temporary,261
location,partially_underground,229
location,plot,228
location,bridge,194
location,sidewalk,157
location,underwater,88
location,ground,85
location,rooftop,76
location,semi-permanent,73
location,wall outside,55
location,Boomtown,53
location,semi permanent,51
location,tree,47
location,platform,46
location,on the wall,45
location,covered,43
location,wall_outside,37
location,Non-Commercial-Plot,36
location,outdoor;wall,36
location,underground;overground,35
location,underfloor-container,34
location,Permanent,29
location,semi_permanent,29
location,inside Target store,28
location,facade,25
location,pavement,20
location,wall inside,18
location,approximate,17
location,windowsill,17
location,outdoor;indoor,16
material,wood,941073
material,metal,254437
material,stone,108676
material,concrete,78267
material,plastic,61353
material,steel,29533
material,bronze,17515
material,aluminium,13324
material,brass,12356
material,granite,10501
material,sandstone,8214
material,marble,5798
material,wood;metal,4915
material,limestone,4248
material,metal;wood,3546
material,iron,2738
material,stainless_steel,2614
material,brick,1790
material,dry_stone,1432
material,rock,1160
material,wood;concrete,1125
material,ceramic,1002
material,reinforced_concrete,847
material,glass,805
material,concrete;wood,742
material,metal_grid,732
material,wood; steel,630
material,cast_iron,508
material,wood; metal,470
material,slate,429
material,stone;wood,376
material,wood;stone,304
material,composite,273
material,wood;steel,236
material,stone;metal,230
material,copper,214
material,basalt,206
material,andesite,185
material,weathering_steel,178
material,mirror,172
memorial,plaque,86265
memorial,war_memorial,66281
memorial,stolperstein,50076
memorial,statue,31174
memorial,stele,28570
memorial,stone,23027
memorial,bust,13102
memorial,sculpture,7338
memorial,obelisk,6213
memorial,cross,3102
memorial,memorial,1665
memorial,blue_plaque,1619
memorial,yes,1404
memorial,bench,1399
memorial,ghost_bike,1153
memorial,milestone,893
memorial,hazard_memorial,809
memorial,grave,728
memorial,vehicle,710
memorial,cannon,641
memorial,immortality_tower,585
memorial,aircraft,551
memorial,tank,489
memorial,column,457
memorial,tablet,372
memorial,cairn,333
memorial,celtic_cross,328
memorial,person,296
memorial,tomb,259
memorial,pillar,225
memorial,pulpulak,190
memorial,fountain,186
memorial,koshinto,185
memorial,relief,173
memorial,anchor,167
memorial,cenotaph,106
memorial,bell,103
memorial,peace_pole,97
memorial,tree,91
memorial,eternal_flame,68
name,Ozon,58083
name,7-Eleven,19881
name,Subway,19348
name,Пятёрочка,14923
name,Starbucks,13582
name,Shell,12112
name,McDonald's,11778
name,Магнит,10816
name,セブン-イレブン,10236
name,စေတီ,8921
name,Domino's,8368
name,ファミリーマート,8137
name,Żabka,8100
name,Сбербанк,7247
name,Wildberries,7236
name,KFC,7192
name,Продукты,6440
name,Burger King,6384
name,ローソン,6262
name,Anganwadi,5773
name,СДЭК,5765
name,BP,5542
name,Z-Box,5373
name,МТС,5249
name,Oxxo,5018
name,Красное&Белое,4939
name,Crédit Agricole,4902
name,Pizza Hut,4784
name,Dunkin',4650
name,Spar,4405
name,Esso,4379
name,Speedway,4272
name,Boxberry,4147
name,CVS Pharmacy,4114
name,Lidl,3932
name,Geldmaat,3859
name,Dollar Tree,3793
name,Rossmann,3772
name,Walgreens,3739
name,Circle K,3708
name:ja,セブン-イレブン,11662
name:ja,ファミリーマート,8546
name:ja,ローソン,5983
name:ja,コカ・コーラ,3649
name:ja,エネオス,3152
name:ja,インドマレット,2455
name:ja,サントリー,1931
name:ja,マクドナルド,1849
name:ja,ダイソー,1692
name:ja,スターバックス,1611
name:ja,ミニストップ,1011
name:ja,アサヒ飲料,980
name:ja,すき家,956
name:ja,ダイドードリンコ,919
name:ja,吉野家,888
name:ja,松屋,818
name:ja,ドコモショップ,793
name:ja,モスバーガー,778
name:ja,ドトールコーヒーショップ,768
name:ja,サイゼリヤ,760
name:ja,auショップ,727
name:ja,ソフトバンクショップ,685
name:ja,マツモトキヨシ,684
name:ja,出光,678
name:ja,まいばすけっと,669
name:ja,ほっともっと,655
name:ja,ケンタッキーフライドチキン,645
name:ja,キリンビバレッジ,614
name:ja,伊藤園,608
name:ja,CoCo壱番屋,607
name:ja,ゆうちょ銀行,603
name:ja,ガスト,602
name:ja,セリア,583
name:ja,デイリーヤマザキ,523
name:ja,タイムズ,499
name:ja,ミスタードーナツ,489
name:ja,ツルハドラッグ,463
name:ja,ローソンストア100,461
name:ja,スギ薬局,460
name:ja,しまむら,454
natural,tree,7709
natural,spring,6700
natural,peak,3590
natural,cave_entrance,2920
natural,stone,2686
natural,rock,2393
natural,sinkhole,2014
natural,water,1065
natural,cliff,758
natural,saddle,419
natural,arch,347
natural,hot_spring,258
natural,unprotected_spring,256
natural,beach,256
natural,not_applicable,243
natural,stream,233
natural,reef,183
natural,cape,176
natural,hill,168
natural,volcano,134
natural,unprotected_well,120
natural,tree_stump,93
natural,valley,81
natural,bay,74
natural,gorge,68
natural,no,65
natural,surface_water,64
natural,yes,62
natural,wood,62
natural,geyser,43
natural,birds_nest,38
natural,protected_spring,38
natural,waterhole,37
natural,water_tap,34
natural,cave,34
natural,blowhole,33
natural,bare_rock,30
natural,wetland,29
natural,land,20
natural,shrub,19
network,lcn,15735
network,HELLO CYCLING,13998
network,Airtel Money;MTN Mobile Money,5690
network,rcn,4198
network,Mobi.E,4157
network,Stolpersteine Hamburg,4023
network,Supercharger,3283
network,Stolpersteine,3089
network,YouBike 2.0,2816
network,서울자전거 따릉이,2703
network,Citi Bike,2439
network,MTN Mobile Money,2068
network,Transilien,1976
network,ПриватБанк,1693
network,Vélib' Métropole,1632
network,Lime,1498
network,Historische Landesgrenze Königreich Sachsen Königreich Preußen 1815 (Wiener Kongress),1494
network,臺北市公共自行車租賃系統,1344
network,高雄市公共自行車租賃系統,1149
network,Link,1059
network,Bixi,1044
network,Metrorower,944
network,Valley Metro,923
network,Divvy,918
network,Freshmile,911
network,Stolpersteine Stuttgart,901
network,YouBike 微笑單車,871
network,TER Auvergne-Rhône-Alpes,860
network,TPER,841
network,nwn,829
network,M réso,819
network,MEVO,815
network,Capital Bikeshare,813
network,Stolpersteine Magdeburg,785
network,tfl_cycle_hire,783
network,ladenetz.de,775
network,Wrocławskie krasnale,757
network,Scouts de Argentina,756
network,Wanderregion Obermain,713
network,Allpoint,700
operator,Royal Mail,61217
operator,Deutsche Post,58457
operator,La Poste,57356
operator,Canada Post,25050
operator,cz:KČT,23877
operator,InPost,21569
operator,"Česká pošta, s.p.",19458
operator,United States Postal Service,18411
operator,日本郵便,18207
operator,Limasam,14127
operator,Schwarzwaldverein,13714
operator,ПАО Сбербанк,13138
operator,Federal Transferido,12848
operator,DHL,11849
operator,Texas Historical Commission,11260
operator,SNCF,10686
operator,Deutsche Post AG,9680
operator,Poste Italiane,9523
operator,"ООО ""Агроторг""",8985
operator,Euronet,7073
operator,PostNL,6776
operator,Zásilkovna,6658
operator,Gobierno Regional,6006
operator,Secretária Municipal de Educação,5793
operator,International Boundary Commission,5774
operator,Club Vosgien,5551
operator,Grand Lyon,5049
operator,KST,5025
operator,Australia Post,4929
operator,Почта России,4926
operator,Club Alpino Italiano,4774
operator,Correos,4749
operator,Lyft,4739
operator,government,4616
operator,bpost,4474
operator,"АО ""Почта России""",4136
operator,Particular,4036
operator,public,4016
operator,Die Post,3936
operator,BT,3882
parking,underground,133999
parking,surface,121203
parking,street_side,27822
parking,multi-storey,23792
parking,layby,11819
parking,yes,6000
parking,lane,5428
parking,rooftop,1123
parking,carports,537
parking,garage_boxes,483
parking,no,445
parking,garage,408
parking,sheds,191
parking,shoulder,93
parking,on_kerb,79
parking,disabled,54
parking,entrance,31
parking,free,25
parking,electric vehicles only,20
parking,stands,19
parking,e_scooter,18
parking,covered,13
parking,Carpool,13
parking,roof,11
parking,valet,10
parking,depot,10
parking,mechanical_tower,9
parking,garages,9
parking,half_on_kerb,8
parking,miejsce postoju,7
parking,car_sharing,6
parking,motorcycle,6
parking,werkstatt,4
parking,roadside,3
parking,informal,3
parking,reservado minusvalidos,3
parking,park_and_ride,3
parking,parking,3
parking,carpool,3
parking,no_parking,3
place,isolated_dwelling,15859
place,locality,10930
place,farm,1753
place,hamlet,1482
place,neighbourhood,1160
place,village,449
place,square,104
place,suburb,100
place,quarter,96
place,town,73
place,island,18
place,yes,15
place,islet,15
place,city_block,14
place,croft,14
place,allotments,10
place,city,8
place,plot,4
place,region,4
place,Balukuna,3
place,Djalingo,3
place,district,3
place,Ségou,3
place,Ullesugur,3
place,Bolanahalli,2
place,HAOUSSA,2
place,Vibhuthihalli,2
place,park,2
place,Hattiguduru,2
place,CHHAPRE,2
place,Rathnapuri,2
place,municipality,2
place,camp,2
place,county,2
place,Karimuddanahalli,2
place,Kongandi,2
place,Chilkunda,2
place,Bini,2
place,Glenloch,2
place,OKKHARVITTA,2
public_transport,station,38647
public_transport,platform,5747
public_transport,stop_position,5698
public_transport,info_board,595
public_transport,service_center,143
public_transport,stop_area,126
public_transport,departures_board,110
public_transport,pole,85
public_transport,no,63
public_transport,yes,55
public_transport,destination_display,41
public_transport,information,12
public_transport,entrance,9
public_transport,motorbike_union,8
public_transport,platform_area,8
public_transport,lounge,7
public_transport,information_board,7
public_transport,tickets,5
public_transport,waiting_room,3
public_transport,bus_station,3
public_transport,ticket_office,3
public_transport,vehicle_union,3
public_transport,separate,3
public_transport,service_point,2
public_transport,timetable,2
public_transport,dispath,2
public_transport,taxi_park,2
public_transport,passenger_information_display,2
public_transport,departure_board,2
public_transport,disused,1
public_transport,transport_credit_cards,1
public_transport,platform_section_sign,1
public_transport,scooter_sharing,1
public_transport,stop,1
public_transport,platform;station,1
public_transport,bus_park,1
public_transport,bus,1
public_transport,safety,1
public_transport,halt,1
public_transport,ferry,1
railway,station,326
railway,milestone,255
railway,switch,181
railway,train_station_entrance,132
railway,level_crossing,105
railway,museum,59
railway,site,53
railway,tram_stop,52
railway,halt,50
railway,buffer_stop,49
railway,subway_entrance,36
railway,ferry_terminal,31
railway,signal,29
railway,stop,26
railway,water_crane,26
railway,yes,16
railway,platform,12
railway,tram_crossing,6
railway,crossing,6
railway,abandoned,6
railway,miniature,5
railway,junction,4
railway,service_station,4
railway,ventilation_shaft,4
railway,railway_crossing,4
railway,signal_box,3
railway,track_scale,2
railway,yard,2
railway,radio,2
railway,locomotive,2
railway,station_site,2
railway,historic,2
railway,phone,2
railway,miniature_station,2
railway,workshop,2
railway,water_tower,1
railway,sightseeing,1
railway,disused,1
railway,preheating,1
railway,razed,1
recycling_type,container,473790
recycling_type,centre,15048
recycling_type,reverse_vending_machine,2479
recycling_type,bin,499
recycling_type,underground,323
recycling_type,machine,61
recycling_type,container mobile,54
recycling_type,vending_machine,43
recycling_type,dump,37
recycling_type,compost,36
recycling_type,pickup_point,27
recycling_type,fence,15
recycling_type,Indiferenciado,13
recycling_type,vermicompost,12
recycling_type,underfloor-container,11
recycling_type,Indiferenciados,10
recycling_type,basket,9
recycling_type,Indeferenciado,9
recycling_type,box,8
recycling_type,waste_basket,8
recycling_type,organic,7
recycling_type,deposit_machine,4
recycling_type,*,3
recycling_type,reverse_vending,3
recycling_type,mixed,3
recycling_type,hook,3
recycling_type,room,3
recycling_type,container agricultural cooperative,3
recycling_type,green_waste,3
recycling_type,ground,3
recycling_type,marine_litter,3
recycling_type,ordures menagères,2
recycling_type,bins,2
recycling_type,container;centre,2
recycling_type,yes,2
recycling_type,Sodis aplication recycling centre,1
recycling_type,Recuperacions Ulldecona,1
recycling_type,plastic bottles,1
recycling_type,trash_disposal,1
recycling_type,clothing,1
shelter_type,public_transport,55190
shelter_type,picnic_shelter,42175
shelter_type,gazebo,18037
shelter_type,weather_shelter,13271
shelter_type,lean_to,10890
shelter_type,basic_hut,4585
shelter_type,sun_shelter,4488
shelter_type,pavilion,1533
shelter_type,rock_shelter,1418
shelter_type,wildlife_hide,296
shelter_type,Wetterpilz,276
shelter_type,umbrella,246
shelter_type,roof,187
shelter_type,bomb_shelter,127
shelter_type,wetterpilz,125
shelter_type,changing_rooms,105
shelter_type,pergola,86
shelter_type,smoking,85
shelter_type,field_shelter,67
shelter_type,nuclear,58
shelter_type,hut,58
shelter_type,picnic,56
shelter_type,shopping_cart,45
shelter_type,bomb,38
shelter_type,parasol,35
shelter_type,game_feeding,31
shelter_type,cabana,30
shelter_type,yes,28
shelter_type,porch,26
shelter_type,temporary,20
shelter_type,dugout,19
shelter_type,building,18
shelter_type,lavvu,13
shelter_type,chibotte,11
shelter_type,public,11
shelter_type,women_shelter,10
shelter_type,wilderness_hut,10
shelter_type,weather_shelterPuerto_Jennefer,9
shelter_type,tent,9
shelter_type,picnic_table,7
