key,n,row_ratio_jp
name,1086164,0.7694
amenity,838464,0.5939
shop,299081,0.2118
name:en,285153,0.202
source,210518,0.1491
name:ja,201295,0.1426
brand,157939,0.1119
addr:city,153397,0.1087
addr:housenumber,149874,0.1062
brand:wikidata,145663,0.1032
addr:province,139100,0.0985
tourism,127483,0.0903
brand:ja,118451,0.0839
brand:en,116357,0.0824
note,113718,0.0806
source_ref,102955,0.0729
addr:postcode,101801,0.0721
addr:street,100428,0.0711
note:ja,98834,0.07
name:ko,97779,0.0693
cuisine,96812,0.0686
phone,93230,0.066
opening_hours,91856,0.0651
operator,81420,0.0577
level,68519,0.0485
historic,65287,0.0462
website,64413,0.0456
branch,61002,0.0432
addr:block_number,59286,0.042
information,59082,0.0418
check_date,56953,0.0403
religion,53604,0.038
KSJ2:PubFacAdmin,52790,0.0374
KSJ2:ADS,52374,0.0371
addr:neighbourhood,51953,0.0368
healthcare,50861,0.036
brand:wikipedia,50720,0.0359
office,50552,0.0358
name:ko-Latn,48784,0.0346
KSJ2:AdminArea,47608,0.0337
vending,43649,0.0309
fee,34754,0.0246
addr:subdistrict,34574,0.0245
wheelchair,34359,0.0243
addr:quarter,32856,0.0233
capacity,29627,0.021
leisure,28711,0.0203
operator:wikidata,28545,0.0202
operator:en,27868,0.0197
material,27430,0.0194
name:ja-Hira,26975,0.0191
takeaway,26960,0.0191
addr:district,25151,0.0178
wikidata,24336,0.0172
social_facility,24085,0.0171
name:ja_rm,23992,0.017
backrest,23943,0.017
authentication:app,22463,0.0159
operator:ja,21600,0.0153
memorial,20277,0.0144
contact:website,19968,0.0141
gbfs:system_id,19731,0.014
gbfs:station_id,19730,0.014
addr:suburb,18514,0.0131
ref,17537,0.0124
network,17313,0.0123
operator:short,16873,0.012
operator:short:ja,16672,0.0118
operator:short:en,16672,0.0118
access,15740,0.0111
payment:cash,15180,0.0108
wikipedia,14732,0.0104
internet_access,14418,0.0102
network:wikidata,14322,0.0101
network:ja,14022,0.0099
official_name:en,13657,0.0097
artwork_type,13506,0.0096
parking,12801,0.0091
description,12616,0.0089
brand:ko,12442,0.0088
name:es,11951,0.0085
seats,11764,0.0083
name:ja-Latn,11330,0.008
board_type,10954,0.0078
addr:town,10581,0.0075
atm,10225,0.0072
isced:level,9910,0.007
name:pt,9494,0.0067
contact:phone,9284,0.0066
addr:floor,9280,0.0066
brand:website,8845,0.0063
operator:type,8679,0.0061
source:date,8318,0.0059
craft,8213,0.0058
colour,7707,0.0055
name:zh,7643,0.0054
payment:coins,7611,0.0054
covered,7532,0.0053
smoking,7290,0.0052
outdoor_seating,7086,0.005
addr:county,6650,0.0047
dispensing,6351,0.0045
payment:credit_cards,6279,0.0044
healthcare:speciality,6271,0.0044
currency:JPY,6149,0.0044
official_name,5883,0.0042
addr:full,5840,0.0041
shelter_type,5798,0.0041
start_date,5762,0.0041
short_name:en,5754,0.0041
gbfs:name,5736,0.0041
drive_through,5628,0.004
network:en,5567,0.0039
social_facility:for,5556,0.0039
payment:visa,5186,0.0037
sport,5146,0.0036
hiking,5009,0.0035
payment:mastercard,5000,0.0035
direction,4738,0.0034
layer,4653,0.0033
inscription,4631,0.0033
payment:notes,4517,0.0032
payment:american_express,4496,0.0032
payment:jcb,4456,0.0032
addr:housename,4392,0.0031
payment:diners_club,4339,0.0031
short_name,4336,0.0031
payment:debit_cards,4064,0.0029
indoor,4044,0.0029
armrest,3990,0.0028
addr:country,3978,0.0028
payment:discover_card,3970,0.0028
payment:unionpay,3932,0.0028
drink:cola,3911,0.0028
alt_name,3899,0.0028
reservation,3830,0.0027
currency:others,3682,0.0026
official_name:ja,3594,0.0025
government,3549,0.0025
fax,3532,0.0025
education,3525,0.0025
name:ru,3405,0.0024
url,3362,0.0024
alt_name:en,3339,0.0024
toilets:disposal,3323,0.0024
denomination,3111,0.0022
bicycle_rental,3089,0.0022
map_size,3013,0.0021
cuisine:ja,2893,0.002
payment:app,2888,0.002
map_type,2880,0.002
self_service,2831,0.002
short_name:ja,2821,0.002
recycling_type,2806,0.002
operator:ko,2744,0.0019
brand:zh,2731,0.0019
network:ko,2703,0.0019
contact:email,2699,0.0019
note:en,2673,0.0019
contact:instagram,2617,0.0019
mapillary,2593,0.0018
internet_access:fee,2566,0.0018
surface,2558,0.0018
wikimedia_commons,2505,0.0018
name:fr,2415,0.0017
operator:wikipedia,2323,0.0016
clothes,2256,0.0016
artist_name,2127,0.0015
indoor_seating,2081,0.0015
unisex,2053,0.0015
drink:tea,2042,0.0014
delivery,2019,0.0014
collection_times,1976,0.0014
support,1956,0.0014
source:ja,1956,0.0014
public_transport,1943,0.0014
male,1890,0.0013
female,1881,0.0013
drink:soft_drink,1865,0.0013
payment:icsf,1853,0.0013
changing_table,1814,0.0013
bicycle_parking,1796,0.0013
addr:unit,1784,0.0013
toilets:wheelchair,1739,0.0012
recycling:clothes,1730,0.0012
second_hand,1715,0.0012
post_box:type,1704,0.0012
email,1700,0.0012
addr:door,1698,0.0012
payment:telephone_cards,1690,0.0012
branch:en,1688,0.0012
payment:paypay,1662,0.0012
display,1617,0.0011
air_conditioning,1580,0.0011
toilets,1549,0.0011
building,1512,0.0011
ele,1495,0.0011
survey:date,1423,0.001
contact:facebook,1402,0.001
payment:id,1395,0.001
payment:quicpay,1351,0.001
payment:rakuten_pay,1236,0.0009
bench,1223,0.0009
payment:au_pay,1208,0.0009
fixme,1203,0.0009
payment:edy,1197,0.0008
payment:d_barai,1183,0.0008
payment:cards,1156,0.0008
payment:merpay,1117,0.0008
drink:coffee,1074,0.0008
name:zh-Hans,1062,0.0008
int_name,1051,0.0007
toilets:position,1049,0.0007
check_date:opening_hours,1034,0.0007
ferry,1028,0.0007
payment:line_pay,1009,0.0007
emergency,1007,0.0007
name:zh-Hant,1000,0.0007
man_made,995,0.0007
payment:alipay,988,0.0007
payment:waon,979,0.0007
attribution,971,0.0007
drink:water,967,0.0007
payment:wechat,944,0.0007
guest_house,900,0.0006
KSJ2:AAC,890,0.0006
KSJ2:APF_V,884,0.0006
KSJ2:APF,884,0.0006
KSJ2:PCA_V,884,0.0006
KSJ2:RCN,884,0.0006
KSJ2:PCI,884,0.0006
KSJ2:PCA,884,0.0006
KSJ2:PCI_V,883,0.0006
natural,882,0.0006
beauty,872,0.0006
contact:twitter,860,0.0006
lit,855,0.0006
bus,846,0.0006
wheelchair:description,807,0.0006
hazard:name,786,0.0006
hazard:type,779,0.0006
name:de,775,0.0005
parking_space,771,0.0005
name:it,771,0.0005
fitness_station,771,0.0005
survey_date,766,0.0005
entrance,754,0.0005
payment:nanaco,754,0.0005
description:url,738,0.0005
attraction,730,0.0005
community_centre,729,0.0005
brand:zh-Hans,725,0.0005
level:ref,713,0.0005
branch:ja,705,0.0005
payment:maestro,687,0.0005
payment:jcoin_pay,683,0.0005
fuel:diesel,683,0.0005
brand:zh-Hant,681,0.0005
visibility,676,0.0005
archaeological_site,674,0.0005
KSJ2:AAC_V,673,0.0005
charge,655,0.0005
image,654,0.0005
source:geometry,649,0.0005
diet:vegetarian,649,0.0005
drink:juice,646,0.0005
cash_in,636,0.0005
diet:vegan,614,0.0004
alt_name:ko,602,0.0004
denomination:ja,597,0.0004
payment:yucho_pay,595,0.0004
gambling,586,0.0004
waste,576,0.0004
bath:type,558,0.0004
anime,554,0.0004
source:name,552,0.0004
faces,539,0.0004
opening_hours:covid19,534,0.0004
playground,534,0.0004
payment:smart_code,533,0.0004
access:disabled,529,0.0004
highway,527,0.0004
bin,523,0.0004
drinking_water,499,0.0004
not:brand:wikidata,496,0.0004
barrier,496,0.0004
contact:fax,491,0.0003
date,487,0.0003
payment:apple_pay,487,0.0003
description:en,484,0.0003
addr:flats,484,0.0003
stroller,463,0.0003
addr:room,463,0.0003
fuel:octane_91,454,0.0003
toilets:handwashing,452,0.0003
brand:ja-Latn,452,0.0003
studio,451,0.0003
hairdresser,443,0.0003
tomb,439,0.0003
old_name,428,0.0003
