level,key,n,row_ratio
0,name,5028,0.6205
0,amenity,3920,0.4838
0,tourism,1528,0.1886
0,shop,1066,0.1316
0,addr:street,805,0.0993
0,source,790,0.0975
0,addr:city,721,0.089
0,historic,716,0.0884
0,name:en,587,0.0724
0,addr:postcode,576,0.0711
0,operator,574,0.0708
0,opening_hours,555,0.0685
0,addr:housenumber,506,0.0624
0,phone,480,0.0592
0,leisure,427,0.0527
1,name,9915,0.6028
1,amenity,8732,0.5309
1,tourism,3264,0.1984
1,shop,1807,0.1099
1,source,1716,0.1043
1,addr:street,1465,0.0891
1,addr:city,1401,0.0852
1,name:en,1223,0.0744
1,historic,1202,0.0731
1,addr:postcode,1178,0.0716
1,operator,1024,0.0623
1,opening_hours,989,0.0601
1,addr:housenumber,861,0.0523
1,phone,859,0.0522
1,religion,856,0.052
2,name,28641,0.6126
2,amenity,25355,0.5423
2,tourism,8819,0.1886
2,source,5839,0.1249
2,shop,4574,0.0978
2,addr:city,4185,0.0895
2,addr:street,4080,0.0873
2,historic,3647,0.078
2,addr:postcode,3609,0.0772
2,name:en,3149,0.0674
2,operator,3071,0.0657
2,religion,2870,0.0614
2,opening_hours,2710,0.058
2,leisure,2409,0.0515
2,addr:housenumber,2287,0.0489
3,name,74202,0.6201
3,amenity,67259,0.562
3,tourism,21182,0.177
3,source,17069,0.1426
3,addr:city,11061,0.0924
3,addr:postcode,10442,0.0873
3,shop,10302,0.0861
3,addr:street,10052,0.084
3,historic,9429,0.0788
3,religion,8628,0.0721
3,operator,8561,0.0715
3,ele,7736,0.0646
3,addr:district,7366,0.0616
3,name:en,7185,0.06
3,addr:state,7169,0.0599
4,name,167170,0.6234
4,amenity,152382,0.5682
4,tourism,44112,0.1645
4,source,41909,0.1563
4,addr:postcode,25988,0.0969
4,addr:city,25468,0.095
4,ele,23671,0.0883
4,religion,23351,0.0871
4,historic,23202,0.0865
4,addr:street,22690,0.0846
4,shop,20511,0.0765
4,addr:district,20408,0.0761
4,operator,19417,0.0724
4,addr:state,18909,0.0705
4,gnis:feature_id,18863,0.0703
5,name,311471,0.5999
5,amenity,293998,0.5662
5,tourism,83078,0.16
5,source,78547,0.1513
5,historic,51792,0.0997
5,ele,50891,0.098
5,religion,49291,0.0949
5,addr:city,49172,0.0947
5,addr:postcode,47213,0.0909
5,addr:street,44485,0.0857
5,gnis:feature_id,39956,0.077
5,shop,38547,0.0742
5,operator,37047,0.0713
5,addr:district,36789,0.0709
5,addr:state,32792,0.0632
6,amenity,474919,0.5474
6,name,469039,0.5406
6,tourism,148429,0.1711
6,source,109105,0.1258
6,historic,96691,0.1114
6,addr:city,78563,0.0906
6,addr:street,77522,0.0894
6,shop,70892,0.0817
6,addr:postcode,68780,0.0793
6,operator,67029,0.0773
6,religion,66161,0.0763
6,ele,61059,0.0704
6,addr:housenumber,53015,0.0611
6,information,51732,0.0596
6,opening_hours,50298,0.058
7,amenity,737041,0.5384
7,name,677371,0.4948
7,tourism,238880,0.1745
7,historic,142696,0.1042
7,addr:street,138825,0.1014
7,source,136302,0.0996
7,shop,132605,0.0969
7,addr:city,124456,0.0909
7,operator,114078,0.0833
7,addr:postcode,110842,0.081
7,information,106883,0.0781
7,addr:housenumber,101923,0.0744
7,opening_hours,87913,0.0642
7,religion,81306,0.0594
7,website,81022,0.0592
8,amenity,1144405,0.5537
8,name,1007234,0.4873
8,tourism,323793,0.1567
8,addr:street,246184,0.1191
8,shop,242451,0.1173
8,addr:city,206458,0.0999
8,addr:postcode,188793,0.0913
8,addr:housenumber,186645,0.0903
8,operator,182652,0.0884
8,source,181338,0.0877
8,historic,174279,0.0843
8,information,160363,0.0776
8,opening_hours,156610,0.0758
8,website,137158,0.0664
8,phone,134115,0.0649
9,amenity,1639784,0.5656
9,name,1467856,0.5063
9,shop,417009,0.1438
9,addr:street,408559,0.1409
9,tourism,381445,0.1316
9,addr:city,333590,0.1151
9,addr:housenumber,314763,0.1086
9,addr:postcode,303875,0.1048
9,operator,272674,0.0941
9,opening_hours,267470,0.0923
9,source,241140,0.0832
9,website,220232,0.076
9,phone,217248,0.0749
9,brand,195660,0.0675
9,historic,188260,0.0649
10,amenity,2120381,0.5675
10,name,1969931,0.5273
10,shop,639978,0.1713
10,addr:street,600350,0.1607
10,addr:city,484011,0.1295
10,addr:housenumber,472994,0.1266
10,addr:postcode,433917,0.1161
10,opening_hours,409507,0.1096
10,tourism,409257,0.1095
10,operator,354937,0.095
10,website,318792,0.0853
10,phone,313253,0.0838
10,source,288897,0.0773
10,brand,286140,0.0766
10,brand:wikidata,251126,0.0672
11,amenity,2487392,0.5652
11,name,2359078,0.536
11,shop,862381,0.1959
11,addr:street,766281,0.1741
11,addr:city,615363,0.1398
11,addr:housenumber,614455,0.1396
11,opening_hours,546776,0.1242
11,addr:postcode,543366,0.1235
11,tourism,418364,0.0951
11,operator,405704,0.0922
11,website,401770,0.0913
11,phone,389955,0.0886
11,brand,363555,0.0826
11,brand:wikidata,323580,0.0735
11,source,316755,0.072
12,amenity,2567976,0.5615
12,name,2470509,0.5402
12,shop,1019216,0.2229
12,addr:street,848415,0.1855
12,addr:housenumber,688467,0.1505
12,addr:city,680888,0.1489
12,opening_hours,635557,0.139
12,addr:postcode,593830,0.1298
12,website,434758,0.0951
12,phone,417962,0.0914
12,operator,402135,0.0879
12,brand,401522,0.0878
12,tourism,397470,0.0869
12,brand:wikidata,362005,0.0792
12,check_date,355337,0.0777
13,amenity,2238109,0.5592
13,name,2124239,0.5307
13,shop,990502,0.2475
13,addr:street,758654,0.1895
13,addr:housenumber,621429,0.1553
13,addr:city,606002,0.1514
13,opening_hours,591086,0.1477
13,addr:postcode,525620,0.1313
13,website,372043,0.093
13,check_date,365826,0.0914
13,phone,359365,0.0898
13,brand,357726,0.0894
13,backrest,335092,0.0837
13,operator,332456,0.0831
13,brand:wikidata,325219,0.0813
14,amenity,1586521,0.5706
14,name,1371010,0.4931
14,shop,694798,0.2499
14,addr:street,496688,0.1786
14,addr:housenumber,405972,0.146
14,addr:city,388270,0.1396
14,opening_hours,384377,0.1382
14,addr:postcode,334899,0.1204
14,backrest,321329,0.1156
14,check_date,267327,0.0961
14,website,227066,0.0817
14,phone,225793,0.0812
14,brand,221977,0.0798
14,material,215852,0.0776
14,operator,213920,0.0769
15,amenity,939016,0.6249
15,name,576646,0.3837
15,shop,293269,0.1952
15,backrest,248079,0.1651
15,addr:street,203513,0.1354
15,material,165912,0.1104
15,addr:housenumber,158525,0.1055
15,addr:city,153829,0.1024
15,opening_hours,148599,0.0989
15,check_date,130982,0.0872
15,addr:postcode,127981,0.0852
15,operator,110955,0.0738
15,tourism,102904,0.0685
15,source,94122,0.0626
15,phone,87571,0.0583
16,amenity,602669,0.689
16,name,252749,0.289
16,backrest,161791,0.185
16,material,122371,0.1399
16,shop,89383,0.1022
16,operator,80585,0.0921
16,addr:street,76354,0.0873
16,tourism,75055,0.0858
16,check_date,62619,0.0716
16,source,62158,0.0711
16,historic,56988,0.0652
16,addr:city,56115,0.0642
16,addr:housenumber,54397,0.0622
16,information,52062,0.0595
16,seats,48367,0.0553
