key,multi_pairs,occurrences,avg_parts
collection_times,11661,102297,2.47
waste,1461,29700,3.82
isced:level,77,23541,2.87
healthcare:speciality,12063,22690,4.19
clothes,3522,20341,4.63
material,938,16816,2.4
direction_east,13445,14333,2.73
direction_northeast,11366,12020,2.74
direction_southwest,11221,11884,2.77
direction_southeast,10906,11552,2.75
direction_northwest,10729,11394,2.76
sport,5664,10746,3.73
vending,2416,9977,3.63
level,361,9529,3.72
network,686,8327,3.03
toilets:position,65,7866,3.06
beauty,3501,7776,4.83
colour,400,7752,2.47
shop,2509,6969,2.42
source:form,21,5915,2.0
direction,1297,5841,2.44
memorial:conflict,293,5203,3.3
description:es,165,4540,3.7
service,347,3624,3.29
brewery,2441,3540,3.76
addr:floor,142,3244,2.74
product,1894,3169,4.4
amenity,750,2774,2.13
is_in,207,2640,3.21
opening_hours:kitchen,2247,2304,2.55
destination:distance,2287,2301,3.44
seasonal,25,2037,2.72
rental,245,1776,3.15
money_transfer,61,1736,2.69
board_type,380,1683,2.57
service_times,1459,1655,2.52
source:version,7,1639,2.0
cargo,38,1628,2.42
social_facility:for,392,1513,2.7
opening_hours:drive_through,807,1507,2.69
internet_access:operator,25,1485,2.8
payment:coins:denominations,68,1469,3.88
recycling:glass_bottles:colour,11,1464,2.27
route_ref,1069,1448,3.87
opening_hours:covid19,1144,1302,2.71
usage,6,1207,2.17
cash_withdrawal,17,1197,2.35
destination:duration,1151,1158,4.18
fuel,20,1138,2.35
valves,50,1116,2.76
license_classes,574,1060,7.26
nysgissam:nysaddresspointid,956,971,4.09
charge,625,954,2.51
capacity:note,39,919,2.05
craft,466,857,2.53
healthcare,300,855,2.97
direction_north:route,676,853,3.18
direction_south:route,665,840,3.11
direction_southwest:route,650,833,3.13
direction_southeast:route,641,814,3.14
direction_northwest:route,627,795,3.08
direction_east:route,615,791,3.16
direction_northeast:route,631,789,3.16
ref:nid,780,787,2.28
direction_west:route,605,762,3.18
books,272,733,3.67
source:position,92,720,2.16
source:geometry,54,719,2.33
school:type,75,710,3.44
dance:style,603,685,4.95
comment,160,666,2.83
information,71,657,2.06
produce,502,603,3.77
post_office:brand,239,562,2.75
was:name,561,561,2.24
consulting,511,553,3.91
source:health_facility,20,535,2.5
shoes,137,530,3.65
target,330,512,4.89
bike_ride,10,490,2.5
addr:block,143,483,2.01
fixme:atp,2,482,2.0
payment:notes:denominations,35,478,3.66
sensory_friendly:accommodation,3,450,3.33
post_office:service_provider,106,450,2.73
ele:source,6,432,2.0
socket:type2_combo:output,170,415,2.22
agrarian,239,409,3.91
tourism,113,403,2.09
source:date,191,392,2.02
electronics_repair,56,386,2.91
post:housenumber,342,383,4.08
delivery,370,375,2.46
description:en,302,365,3.13
colour:text,3,363,2.33
direction_southeast:symbol,99,355,3.18
hazard:type,15,349,2.33
fee:conditional,94,339,2.53
guidepost,17,333,2.18
direction_east:symbol,95,325,3.08
toilets:access,15,325,2.67
building:material,83,325,2.77
source:opening_hours,28,325,2.14
community_centre:for,101,320,3.57
old_ref,315,317,2.1
direction_northeast:symbol,82,317,3.15
contact:opening_hours,4,315,2.0
delivery:partner,145,311,2.61
access,16,311,2.06
direction_northwest:symbol,92,307,3.26
direction_north:symbol,97,306,3.13
direction_south:symbol,89,303,3.27
addr:flats,218,302,5.76
symbol,12,291,2.0
internet_access,24,288,2.54
direction_southwest:symbol,97,287,3.28
animal_boarding,45,285,3.47
note:destination,271,280,4.28
direction_west:symbol,101,279,3.31
direction_south:1,268,274,2.8
destination:lang:en,189,267,4.25
direction_north:1,259,265,2.72
fee,68,265,2.56
access:conditional,89,263,2.42
outdoor_seating,60,263,2.1
direction_east:1,250,254,2.62
school:HT,5,252,2.6
animal_shelter,77,247,3.43
whitewater,5,239,2.2
restaurant:type:it,113,233,2.73
payment:coins,15,233,3.4
direction_south:2,226,231,2.65
changing_table:location,30,228,2.57
ref:avfall,223,224,3.18
alt_name:en,164,224,2.8
direction_west:1,218,223,2.69
artist:wikidata,181,220,2.13
office,149,218,2.2
memorial,82,214,2.07
internet_access:ssid,196,212,2.32
collector,119,209,3.38
source_version,2,208,2.0
caravan_site:type,119,208,2.13
socket:type2:output,75,207,2.33
voltage,26,207,2.42
payment:payback_app,1,205,2.0
gambling,77,201,2.82
direction_east:2,198,201,2.48
description:ru,168,196,2.03
direction_north:2,191,195,2.49
resource,59,194,2.49
seamark:small_craft_facility:category,23,193,3.09
ref:operator,191,192,4.44
direction_northeast:1,189,189,2.74
direction_southwest:1,185,189,2.79
payment:notes,8,186,3.63
direction_northwest:1,181,185,2.8
destination:arrow,144,185,4.4
origin,143,184,2.76
fitness_station,132,181,3.13
ref:cue,181,181,2.11
memorial:addr,70,181,2.03
food,152,180,3.53
direction_west:2,175,177,2.54
healthcare:counselling,28,177,2.36
frequency,7,177,2.14
polling_station:authority,1,176,2.0
trade,138,174,2.82
museum,109,173,2.47
not:name,171,172,3.63
addr:door,122,172,2.35
source:name,60,170,2.08
roof:material,50,170,2.64
description:de,161,169,2.7
cash_out:notes:denominations,29,165,3.31
socket:type2_combo,45,164,2.2
direction_southwest:2,156,161,2.75
school,31,160,2.19
was:shop,143,160,2.17
sanitary_dump_station:accepted,7,158,2.57
destination:E,157,157,3.11
direction_southeast:1,155,156,2.59
direction_northwest:2,153,154,2.56
destination:S,153,154,3.1
contact:whatsapp,149,153,2.21
cuisine:ja,112,151,2.21
to,63,147,3.05
camp_pitch:type,1,147,3.0
rice_noodle,1,146,3.0
ref:hvakostertannlegen,145,145,2.39
direction_northeast:2,143,143,2.62
social_facility,72,142,2.22
destination:N,140,141,2.86
facility:services2:mn,1,140,8.0
message,7,140,2.0
destination:W,139,139,3.04
charge:conditional,79,139,3.1
facility:services1:mn,1,139,8.0
alt_name:ar,73,137,2.16
facility:services1,1,137,15.0
healthcare:speciality1:mn,1,136,2.0
healthcare:speciality1,1,135,2.0
distance,131,134,2.85
school:language,11,134,2.0
guidepost_type,1,134,2.0
post_office:opening_hours,126,133,2.63
opening_hours:office,126,132,2.43
traffic_sign,115,130,2.31
subject,125,129,3.01
board:title,124,127,2.19
location,29,126,2.52
motorcycle:sales,7,123,2.29
direction_southeast:2,121,122,2.49
equipment,82,121,3.89
charging_station:output,61,120,2.39
leisure,63,118,2.24
level:ref,55,118,2.58
old_operator,12,117,2.17
denomination,75,117,2.28
happy_hours,115,115,2.29
route_marker:bicycle:colour,8,113,2.5
destination:SW,112,113,3.04
source:addr,55,113,2.02
destination:SE,113,113,3.01
destination:NW,112,112,2.99
loc_name,109,112,2.4
opening_hours:workshop,102,111,2.57
osmc:symbol,51,111,2.41
description:fr,71,111,2.66
architect,102,109,2.17
destination:lang:bg,69,108,4.13
authentication:short_message:text,106,108,2.0
opening_hours:post_office,89,106,2.4
socket:gb_dc:output,25,105,2.24
historic:period,30,104,2.3
historic,57,103,2.05
historic:operator,87,103,3.72
socket:gb_dc,51,102,2.25
disused:shop,98,102,2.26
description:it,101,102,3.42
post_office:service_provider:wikidata,33,102,2.42
was:opening_hours,100,101,2.51
opening_hours:reception,81,101,2.56
markings,1,99,2.0
destination:NE,97,99,2.94
aircraft:type,12,99,2.25
guide_type,5,99,2.0
source:amenity,4,99,2.0
subject:wikipedia,88,99,2.03
insurance:health,7,99,3.14
playground,67,97,3.03
generator:source,11,95,2.18
colour:back,19,91,2.16
inscription:de,90,91,4.72
fountain,13,90,2.31
animal_breeding,85,89,2.59
opening_hours:phone,73,89,2.37
socket:type2_combo:ref,89,89,2.04
map_type,29,88,2.17
post_office:brand:wikidata,46,87,2.5
drink:beer,25,87,2.76
camp_site:type,1,87,2.0
emergency_telephone_code,27,86,2.93
language,61,85,3.48
isced,4,85,2.25
source:addr:postcode,6,84,2.17
surface,36,84,2.03
operator:wikidata,34,84,2.15
health_person:type,4,83,2.75
studio,19,83,2.16
ele,78,82,2.0
breakfast,71,82,2.2
wheelchair,20,82,2.55
bicycle_parking,41,80,2.02
source:historic,3,80,2.67
massage,51,80,2.71
source:operator,3,79,2.0
training,58,79,2.9
capacity,60,78,2.03
health_amenity:type,45,77,3.69
pet,23,77,2.65
phone:mobile,77,77,2.03
source:contact,8,76,2.25
real_ale,47,76,3.79
disused:opening_hours,74,75,2.53
survey:date,64,74,2.06
ref:GB:uprn,72,72,2.15
payment:szep,7,71,2.57
opening_hours:pharmacy,65,71,2.66
taxi:prefix,59,70,7.51
artist:wikipedia,38,69,2.16
was:cuisine,68,69,2.46
maxstay:conditional,54,69,2.2
historic:civilization,45,68,2.27
butcher,50,68,3.08
canoe,1,68,2.0
map_size,17,67,2.06
name:etymology:wikidata,33,67,2.06
note:de,48,67,2.21
floor:material,34,66,2.26
contact:housenumber,54,65,2.06
brand:wikipedia,32,65,2.03
toilets:hands_drying,7,65,2.14
opening_hours:delivery,63,64,2.75
alt_name:bo,63,63,2.79
operator:phone,14,63,2.0
buried:wikidata,62,62,2.31
operator:type,40,61,2.08
memorial:text,59,61,5.12
male,5,61,2.0
drink:wine,15,60,2.4
historic:era,20,60,2.15
operator:ref:ico,59,60,2.69
source_ref,55,59,2.18
motorcycle:type,31,59,2.48
park_ride,9,58,2.22
sells,58,58,3.53
ref:UAI,58,58,2.12
charging_point:ref,57,57,2.05
healthcare:speciality:de,53,57,2.32
payment:app,4,57,2.25
government,53,55,2.57
grades,34,55,4.09
health_facility:type,49,55,6.0
artwork_type,39,55,2.36
provides,40,54,3.0
amperage,15,54,2.67
religion,31,54,2.23
ref:mise,54,54,2.04
direction_southwest:ref,44,53,2.34
permit,3,53,2.0
feeding:for,5,53,2.0
ref:FR:MemorialGenWeb,52,52,2.25
wholesale,40,52,2.38
source:payment,3,52,2.0
memorial:name,52,52,2.94
owner,50,51,2.3
statue,9,50,2.0
shooting,24,50,3.38
furniture,28,50,3.61
manufacturer,29,50,2.07
contact:youtube,28,50,2.14
distillery,38,49,3.61
check_date,48,49,2.06
ref:FR:SMICOTOM,49,49,2.16
repair,41,49,2.59
faculty,40,48,2.23
alt_ref,39,48,2.0
sustrans_ref,48,48,2.0
FIXME,31,47,2.03
services,42,47,3.43
memorial:conflict:wikidata,10,47,2.6
compressed_air:valves,9,46,2.33
is_in:admin_level8,10,45,2.0
gender,4,45,2.25
fuel:octane,1,45,2.0
opening_hours:bar,45,45,2.49
destination:2,43,44,3.21
not:operator:wikidata,4,44,2.25
female,7,44,2.43
plug,2,44,2.0
ref:nobil,44,44,2.0
erected_by,12,43,2.17
disused:cuisine,42,43,2.17
artwork_subject,43,43,2.58
direction_south:3,39,42,2.38
power_supply,9,42,2.44
lunch,34,42,2.21
dataset,5,42,2.0
routes,7,42,3.14
drink,35,41,3.4
destination:1,40,41,3.0
socket:chademo:output,26,41,2.38
emergency:phone,23,41,2.3
source:mineral,3,41,2.0
old_fhrs:id,41,41,2.27
direction_west:3,41,41,2.39
water_supply,21,40,2.38
contact:linkedin,22,40,2.0
car_service,1,40,2.0
musical_instrument,33,40,3.27
repeat_on,20,40,3.15
direction_northwest:ref,37,40,2.24
direction_southeast:ref,37,39,2.22
school:CD,1,39,2.0
amenity:note,2,39,2.0
lawyer,20,39,2.25
addr:village,25,39,2.04
opening_hours:service,33,39,2.45
oslokommune:Regulering,21,38,2.0
surveillance,11,38,2.36
bicycle:type,21,38,3.05
medical_supply,28,38,2.75
alt_name:fr,21,37,2.48
direction_north:3,37,37,2.57
direction_south:ref,33,37,2.24
text1,36,37,2.0
post_office:parcel_pickup,26,37,2.46
content,9,37,3.78
media,34,36,2.94
alt_name:zh,36,36,2.75
computer:type,21,36,3.33
source:ref,5,36,2.0
direction_east:3,36,36,2.31
direction_north:ref,31,36,2.32
country,34,36,3.65
boat:type,15,35,2.8
aerospace:product,31,35,2.23
post_office:parcel_from,26,35,2.54
memorial:subject,34,35,2.26
depth:technique,6,35,3.33
was:amenity,20,34,2.0
drinking_water,5,34,2.0
buried,34,34,2.5
graffiti:tag,32,34,2.78
source:manufacturer,2,34,2.0
heritage:operator,9,33,2.11
ref:open.toronto.ca:street-furniture-bicycle-parking:id,33,33,3.91
identity,23,33,3.0
ticket_validator:ref,9,33,2.0
kultohr:ref,33,33,2.0
old_shop,32,32,2.09
feeding:fodder,6,32,2.17
cost,32,32,2.06
socket:type2:ref,32,32,2.0
inscription:2,32,32,3.0
direction_northwest:3,32,32,2.44
alt_name:he,6,32,3.0
ref:GR:IDRO,31,31,2.13
vaccination,10,31,3.9
opening_hours:phone:appointments,16,31,2.0
payment:credit_cards,6,31,2.0
post:unit,29,31,8.69
socket:type2_combo:current,18,30,2.06
source:post_office,1,30,2.0
healthcare:speciality:fr,29,30,3.83
direction_east:ref,28,30,2.21
delivery:partner:wikidata,14,30,2.5
opening_hours:en,29,30,3.24
direction_southwest:3,30,30,2.5
ref:afdc,30,30,3.2
parking_space,12,30,2.0
route:name,21,29,2.05
addr:lot,27,29,2.81
destination:3,27,29,2.26
arrow:symbol,2,29,2.0
direction_northeast:3,29,29,2.28
opening_hours:description,29,29,2.62
water,3,28,2.0
surveillance:zone,13,28,2.23
note:opening_hours,28,28,2.25
opening_hours:signed,27,28,2.52
socket:type2,14,27,2.29
wine:type,3,27,3.0
operator:email,8,27,2.0
plant,13,27,2.62
source:waste,1,27,2.0
source:recycling,1,27,2.0
authentication:membership_card,6,26,2.67
post_office:parcel_to,23,26,2.48
wheelchair:description:de,23,26,2.26
ref:iwm,25,26,2.0
flood_date,24,26,4.54
direction_west:ref,22,26,2.23
cyclestreets_id,26,26,2.04
OGD-Stmk:OBJECTID,26,26,2.23
old_collection_times,20,26,2.0
water_source,18,25,2.39
free_flying:site_orientation,13,25,2.92
socket:type1_combo:output,19,25,2.53
athletics,10,25,2.2
heading:east,22,25,3.73
capacity:pupils,24,24,2.25
inscription:language,15,24,2.07
research,23,24,2.39
source:royal_cypher,1,24,2.0
phone:UA,23,24,2.22
sports,4,24,2.25
mineral,15,24,2.53
direction_southeast:3,24,24,2.75
ref:intercharge,24,24,2.13
founder_name,3,24,2.67
note:destination:order,18,24,2.61
direction_northeast:ref,17,23,2.12
theatre:genre,17,23,2.76
collection_times:first_class,23,23,3.13
payment,22,23,3.36
source:official_name,1,23,2.0
affiliation,3,23,2.0
royal_cypher,7,23,2.0
checkpoint,4,23,2.25
brand:official_name,1,23,2.0
parking:fee,7,23,2.14
lawyer:speciality,23,23,2.83
source:collection_times,1,22,2.0
disused:amenity,19,22,2.05
post_office:collection_times,22,22,2.41
capacity:teachers,21,22,2.1
building:levels,12,22,2.42
water_communities,22,22,2.68
opening_hours:breakfast,22,22,2.14
marker,14,22,2.5
school:FR,9,22,2.11
ref:FR:LaPoste,22,22,2.0
time,21,22,3.33
insurance,17,22,3.94
website:menu,21,21,2.05
source:shop,3,21,2.0
opening_hours:self_service,20,21,2.65
date,21,21,2.05
man_made,14,21,2.07
description:br,19,21,2.16
source:fee,2,21,2.0
source:tourism,1,21,2.0
indoor_seating:comfort,12,20,2.17
products,19,20,3.68
measurements,20,20,2.9
certification,11,20,2.18
opening_hours:shop,20,20,2.7
inscription:1,20,20,2.85
opening_date,20,20,2.25
ref:mhs,20,20,2.15
addr:housenumber_1,18,20,3.94
post:flats,14,19,3.71
outdoor_seating:comfort,12,19,2.08
source:information,1,19,2.0
source:addr:housenumber,6,19,2.17
toilets:hygienic_cleansing,7,19,2.29
inscription:3,19,19,3.42
takeaway,18,19,2.33
pizza:style,10,19,2.6
network:wikidata,10,19,2.1
topic,13,19,3.92
heading:west,16,18,2.56
archaeological_site,16,18,2.06
source:drink,4,18,2.5
collection_times:local,16,18,2.06
animal,16,18,3.44
source:charge,2,18,2.0
building,11,18,2.0
company,18,18,2.39
name:language,13,18,2.0
parcel_locker:service_provider,13,18,3.23
source:inscription,4,18,2.0
sagns_id,17,17,2.24
building:architecture,11,17,2.09
whc:criteria,5,17,2.6
car_repair,13,17,2.62
lines,15,17,2.8
contact:telegram,8,17,2.13
rooms_type_and_prices,17,17,4.94
text2,16,17,2.0
source:surveillance,2,17,2.0
motorcycle:parts,12,17,2.5
shipping,6,17,3.17
local_ref,16,17,2.56
origin:service,1,17,2.0
building:roof,13,17,2.92
opening_hours:FR,15,17,3.47
alt_name:ca,16,17,2.5
ref:FR:CRTA,17,17,2.24
architect:wikidata,17,17,2.12
support,14,16,2.0
seamark:information,9,16,2.11
certifications,4,16,2.25
colour:arrow,7,16,2.29
car:sales,1,16,2.0
reservation,6,16,2.0
note:ja,6,16,2.0
disused:name,16,16,2.38
model,13,16,2.31
route_marker,8,16,2.13
funded_by,1,16,2.0
boat:sales,1,16,2.0
motorcycle:repair,6,16,2.5
lte:cellid,16,16,5.19
opening_hours:atm,15,16,2.47
contact:helpline,16,16,2.0
club,13,16,2.38
computer:sales,3,16,2.67
backrest,4,16,2.0
ref:GB:HER:Highland,16,16,2.0
artist,16,16,2.13
payment:cash,11,16,2.27
removed:opening_hours,14,15,2.5
toilets:number,13,15,2.08
agricultural_supplies,10,15,3.4
sauna,9,15,2.33
chemist,1,15,2.0
heading:south,14,15,3.0
alt_name:de,15,15,2.27
breakfast:brunch,8,15,2.5
interaction,14,15,3.5
hackerspace:type,2,15,2.5
seamark:harbour:category,14,15,3.14
nysgissam:nysaddresspointid:1,14,15,13.71
taxi_vehicle,4,15,2.0
dinner,14,15,2.5
ref:linz:place_id,15,15,2.0
contact:vk,13,15,2.0
ref:isil,15,15,3.13
clothes:rental,2,15,2.0
opening_hours:takeaway,15,15,2.8
service:vehicle,14,15,2.71
direction_north:osmc:symbol,14,14,3.29
text3,12,14,2.0
clothes:for,3,14,2.33
dish,14,14,2.29
communication:mobile_phone,3,14,2.33
operator:clothes,4,14,2.25
collection_times:old,8,14,2.0
smoking,11,14,2.09
source:brand,3,14,2.0
kitchen_hours,14,14,2.79
wall:material,3,14,2.0
meat,14,14,2.86
type,14,14,2.64
source:cuisine,6,14,2.5
contact1:phone,14,14,2.5
parts,10,14,2.1
wikimedia_commons:1,14,14,2.29
beer,8,14,2.0
socket:type2:note,5,14,2.2
charge:child,14,14,4.29
toilets,8,14,2.0
opening_hours:analysis,13,13,2.0
author,7,13,2.0
deanery,13,13,2.0
opening_hours:preventive,13,13,3.0
cuisine:crossover,11,13,2.82
umts:cellid,13,13,7.77
zone,7,13,2.0
opening_hours:finance,6,13,2.0
drink:coffee,7,13,2.57
diocese,11,13,2.0
gsm:cellid,13,13,6.31
name:etymology,13,13,2.08
parish,13,13,2.0
heading:north,13,13,3.08
collection_time,13,13,2.31
parish:wikidata,13,13,2.0
full_service:conditional,13,13,2.38
parish:wikipedia,13,13,2.0
socket:type2_combo:voltage,7,13,2.0
lunch:menu,13,13,2.31
socket,4,13,2.0
layer,7,13,2.71
old_name:ru,13,13,2.15
alt_name:ru,13,13,2.15
destination:symbol,8,13,2.38
music,8,13,2.13
destination:4,12,13,2.33
socket:chademo,4,12,2.0
sample_collection,10,12,3.4
alcohol,8,12,2.88
embassy,1,12,2.0
disused:phone,12,12,2.17
seats,7,12,2.14
direction_east:4,12,12,2.5
opening_hours:store,12,12,2.42
brand:repair,11,12,4.18
destination:forward,11,12,2.18
engineering,11,12,2.45
name:hu,12,12,2.08
source:note:safety:food,2,12,2.0
dispensing_hours,10,12,2.8
school:de,8,12,2.38
carpenter,9,12,2.22
authentication:none,2,12,2.0
indoor_seating,2,12,2.0
IBGE:COD_UNICO_ENDERECO,12,12,2.33
destination:ref,9,12,2.33
description:hu,12,12,3.58
service:bicycle:pump:valves,5,12,2.6
music_genre,12,12,4.0
climbing:orientation,10,12,3.0
opening_hours:dinner,12,12,2.33
ref:canmore,12,12,2.0
source:phone,5,12,2.0
was:clothes,11,11,2.73
lte:eNB,11,11,2.55
opening_hours:restaurant,11,11,2.45
operational_status,11,11,2.27
direction_south:osmc:symbol,11,11,3.18
guided_routes,8,11,2.13
heritage:description,11,11,2.18
amenity_1,10,11,2.4
source:board_type,1,11,2.0
source:diet,2,11,2.0
barrier,6,11,2.0
species,9,11,2.89
healthcare:for,7,11,2.0
contact:emergency,11,11,2.09
ref:sisa_codigo,11,11,2.0
opening_hours:url,11,11,2.64
practitioner,11,11,3.55
musical_instrument:type,10,11,3.1
breakfast:buffet,11,11,2.18
opening_hours:summer,11,11,2.55
recycling:clothes,1,11,2.0
source:strapline,1,11,2.0
start_date:fr,5,11,2.2
description:destination,8,11,2.88
turno,1,11,2.0
isced:level:2011,5,11,2.2
source:memorial,1,11,2.0
restriction:conditional,1,11,3.0
fee_zone,2,11,2.0
alt_name:be,11,11,2.36
species:wikidata,11,11,2.27
wheelchair:description:en,9,11,2.33
operator:short,7,10,3.0
inscription:en,10,10,3.1
old_opening_hours,10,10,2.8
charging_station:plug,5,10,3.4
addr:conscriptionnumber,10,10,2.0
destination:5,9,10,2.56
description:payment,7,10,2.43
payment:fuel_cards,7,10,3.71
valve,6,10,2.17
brand:sales,10,10,4.6
memorial:website,2,10,2.0
source:access,2,10,2.0
MNC,8,10,2.63
comment:it,7,10,2.43
memorial:type,8,10,2.0
ref:nrhp,10,10,2.1
opening_hours:repair,4,10,2.25
natural,5,10,2.0
polling_station:ref,10,10,2.0
direction_south:4,10,10,2.9
attraction,9,10,2.33
open,10,10,3.1
ref:GB:cqc_location,10,10,2.0
opening_hours:lunch,10,10,2.1
orientation,3,10,2.0
tower:type,2,10,2.0
old_name:en,9,10,2.33
payment:debit_cards,4,10,3.5
xmas:opening_hours,10,10,2.9
building:colour,9,10,2.44
height,9,10,2.11
description:pl,10,10,2.1
brand:en,9,10,2.0
source:smoking,2,10,2.0
vehicle:parts,2,10,3.0
fix_guidepost,9,9,2.11
owner:ref:FR:SIREN,6,9,10.5
restaurant:type,9,9,2.22
description:covid19,7,9,2.86
description:cs,9,9,2.22
addr:comment,9,9,2.0
ski:type,5,9,2.8
waymark:yellow_w:arrow,3,9,2.0
sculptor,9,9,2.0
lte:LAC,9,9,2.56
internet_access:bssid,9,9,2.0
heading:southwest,9,9,2.44
direction_north:distance,9,9,4.11
type:FR:FINESS,8,9,2.0
vending_machine,9,9,2.22
laundry:washing,8,9,2.63
source:start_date,3,9,2.0
alt_name:th,9,9,2.11
private,7,9,2.0
direction_northeast:4,9,9,2.22
diet:kosher:certification,6,9,2.33
alt_name:sk,9,9,2.33
charge:student,9,9,4.67
historic:date,9,9,2.33
guide,9,9,2.33
source:alt_name,9,9,2.22
addr:room,9,9,2.11
building:use,4,9,2.0
opening_hours:zh,8,9,4.75
source:recycling_type,1,9,2.0
inscription:4,9,9,2.33
destination:backward,9,9,2.44
speciality,9,9,2.56
capacity:free:hourly:fall,9,9,10.89
second_hand,8,9,2.25
ref:FR:REVEO,9,9,2.44
department,9,9,2.0
destination:sign,8,8,2.0
ref:csioz,8,8,2.25
opening_hours:emergency,8,8,2.38
coin:type,5,8,3.0
drive_through,7,8,2.57
gns:name:variants,8,8,2.5
umts:RNC,8,8,2.5
parking,6,8,2.17
destination:lang:zh,2,8,2.0
parking:condition:time_interval,8,8,2.13
source:location,7,8,2.0
certification:rating,1,8,2.0
strapline,8,8,2.13
to:zh,1,8,2.0
collection_times:paper,4,8,2.5
name:el,7,8,2.0
destination:en,8,8,4.63
seating,1,8,2.0
sponsor,5,8,2.4
description:he,8,8,2.0
artwork:theme,8,8,3.25
guidepost:material,2,8,2.0
direction_north:4,8,8,2.5
seamark:landmark:colour,4,8,2.0
socket:type2:current,3,8,2.0
addr:district,8,8,2.0
ref:FR:prix-carburants,8,8,2.0
shower,8,8,2.0
dress_code,3,8,2.67
toilets_access,2,8,2.0
source2,1,8,2.0
swimming_pool,1,8,2.0
name:it,8,8,2.0
electronics,8,8,2.5
restaurant:type:nl,7,8,2.0
waste_disposal,1,8,2.0
opening_hours:prenatal,7,8,2.14
destination:time,8,8,6.0
umts:LAC,8,8,2.5
contact2:phone,8,8,2.0
to:en,2,8,2.0
cooperative:agricultural,4,8,3.0
institution:support,5,8,3.0
opening_hours:sale,6,8,2.17
destination:lang:sr,7,7,2.43
atv:sales,1,7,2.0
car:repair,6,7,2.17
taxon,7,7,2.0
source:description,5,7,2.0
community_centre,7,7,2.71
gsm:LAC,7,7,2.57
source:dog,2,7,2.0
price,7,7,2.14
animal_shelter:adoption,3,7,2.67
contact,5,7,2.0
toilets:wheelchair,4,7,2.0
person:date_of_birth,5,7,2.0
ref:enel:code,1,7,2.0
ref:open.toronto.ca:bicycle-parking-racks:objectid,5,7,2.4
produce:ja,5,7,3.2
ref:SE:skolverket,7,7,2.29
contact_person,7,7,2.0
network:short,5,7,2.0
old_cuisine,7,7,2.0
lunch:buffet,7,7,2.29
shelter_type,4,7,2.0
old_amenity,7,7,2.0
payment:cash:conditional,6,7,2.33
scuba_diving:spoken_languages,7,7,2.71
ref:enel:serial_number,1,7,2.0
disused:office,7,7,2.0
opening_hours:parts,7,7,2.86
loc_ref,7,7,2.0
rwn_ref,3,7,2.33
description:ro,7,7,2.29
umts:PSC,7,7,4.14
destination:lang:sr-Latn,7,7,2.43
tyres_repair,2,7,2.5
taxon:ru,7,7,2.0
position:waypoint:1,7,7,4.0
direction_west:4,7,7,2.43
education,6,7,2.0
direction_northeast:en,6,7,2.33
alt_name:es,7,7,4.43
contents,7,7,3.43
ref:FR:NAF,7,7,2.0
operating_hours,7,7,2.0
organic,3,7,2.0
building_roof_base_material,2,6,2.0
source:old_name,5,6,2.0
healthcare:speciality:ja,6,6,6.0
martial_arts,6,6,3.17
hobby,6,6,3.0
source:takeaway,2,6,2.0
trolley:deposit:denominations,2,6,2.5
road,4,6,2.0
slipway:type,1,6,2.0
opening_hours:es,6,6,2.0
clt:criteria,3,6,2.67
brand:service,6,6,2.17
source:wheelchair,1,6,2.0
destination:lang:br,6,6,2.67
artist_name:en,6,6,2.67
floor,4,6,3.75
payment:electronic_purses,6,6,2.17
ref:FR:objectidPerpignan,6,6,2.17
award:michelin:bib_gourmand,6,6,6.0
distributor,6,6,2.0
idrettsanleggregisteret:iid,6,6,2.0
collection_times:plastic,3,6,2.67
operator:wikipedia,6,6,2.0
castle_type,3,6,2.0
dispensing,3,6,3.33
note:en,6,6,2.0
brewery:pils,6,6,2.0
it:type,6,6,3.5
sales,6,6,2.83
fvst:name,6,6,2.0
direction_south:distance,6,6,3.67
source:maxstay,1,6,2.0
opening_hours:staffed,6,6,2.33
opening_hours:sales,6,6,2.33
restaurant,2,6,2.0
destination:lang:ga,6,6,2.0
destination:bicycle,3,6,2.0
destination_place,5,6,2.8
operator:en,5,6,2.4
wine:region,6,6,3.67
isced:2011:level,4,6,2.25
inscription:readability,3,6,2.0
health_specialty,4,6,2.75
schedule,6,6,2.5
ref:athensclarkeaddress,6,6,2.17
description_2,6,6,4.33
source:female,1,6,2.0
levels,3,6,2.67
association,6,6,2.33
roof:colour,6,6,2.0
payment:surcharge:conditional,2,6,2.0
opening_hours:cafe,6,6,2.0
language:information,2,6,2.5
veterinary:speciality,5,6,4.4
internet_access:fee,5,6,2.0
cuisine:fr,5,6,3.0
boat,2,6,2.0
description:no,6,6,3.67
parking:fee:conditional,3,6,2.0
light:direction,2,6,2.0
towards,4,6,2.0
source:postcode,5,6,2.0
seamark:beacon_special_purpose:colour,3,6,2.33
description:nl,6,6,2.33
lacounty:bld_id,6,6,2.0
old_brand,6,6,2.33
HE_ref,6,6,2.0
source:male,1,6,2.0
species:de,4,6,2.75
nudism:conditional,6,6,2.83
artwork_subject:wikidata,6,6,2.83
direction_southwest:osmc:symbol,6,6,5.17
inscription:fr,6,6,2.67
toilets:disposal,6,6,2.17
opening_hours:it,6,6,2.5
piste:grooming,1,6,2.0
name:nl,6,6,2.0
surveillance:type,3,6,2.0
safety:health_protocol_guidelines_by:covid19,4,6,2.0
source:website,4,5,2.0
title,5,5,2.0
clothes:vintage,2,5,2.0
water_park,3,5,2.0
entrance,3,5,2.0
post:block,5,5,2.2
drink:tea,5,5,2.2
min_age,5,5,2.2
post:street,4,5,3.0
source_ref:url,3,5,3.33
goods,5,5,4.2
dog,5,5,2.2
school_type,4,5,2.0
ownership,2,5,2.0
departures_board,2,5,2.0
car_rental,1,5,2.0
parcel_dimensions,1,5,2.0
board:subtitle,4,5,3.5
wpt_description,5,5,2.2
shop:type:it,5,5,2.4
digital_access,3,5,2.33
OGD-Stmk:ARZTNR,5,5,2.8
wine:vineyard,4,5,3.25
bicycle_rental,4,5,2.0
hardware,5,5,2.6
note:charge,3,5,2.33
openplaques:id,5,5,2.2
opening_hours:sauna,5,5,2.0
alt_name:cs,5,5,2.0
school:CM,1,5,2.0
format,3,5,2.0
opening_hours:female,5,5,3.0
ref:ruian:addr,5,5,2.0
direction_northwest:4,5,5,2.8
cycle_network,2,5,2.0
internet_access:registration:type,5,5,4.8
office:opening_hours,4,5,2.5
output,5,5,2.2
alt_shop,5,5,2.2
direction_southwest:4,5,5,2.4
disused:clothes,3,5,2.67
bicycle:air,2,5,2.0
direction_northeast:osmc:symbol,5,5,3.8
removed:direction_east,5,5,4.6
trailer:type,5,5,3.8
socket:nacs:output,3,5,2.0
condition:time_interval,4,5,2.0
car_parts,5,5,2.6
pedagogy,4,5,2.25
museum_type,5,5,2.0
website:booking,5,5,3.4
source:self_service,1,5,2.0
ref_1,5,5,2.0
old:opening_hours,5,5,2.4
games,5,5,2.2
year_of_construction,5,5,2.2
post_box:type,5,5,2.0
blind:description:de,5,5,3.0
robot:type,5,5,3.4
ref:FR:RPPS,5,5,3.4
heritage,1,5,2.0
inscription_2,5,5,3.2
collection_plate,4,5,2.0
opening_hours:note,5,5,2.2
cityracks.rackid,5,5,2.2
wine:grape,5,5,6.0
lcn_ref,5,5,2.0
crop,5,5,3.4
direction_northwest:osmc:symbol,5,5,3.6
designation,5,5,2.0
direction_northeast:distance,5,5,3.4
healthcare:fr,5,5,2.4
heading:northwest,5,5,2.4
capacity:free:hourly:winter,5,5,2.0
playground:theme,5,5,2.2
source:population,1,5,2.0
bicycle_library:for,3,5,2.33
opening_hours:Schmerzsprechstunde_und_Wochenende,1,5,2.0
source:recycling:glass_bottles:colour,3,5,2.0
hairdresser,5,5,2.4
power,3,5,2.33
opening_hours:retail,5,5,2.4
contact:twitter,4,5,2.0
phone:opening_hours,5,5,2.0
service_hours,5,5,3.0
direction_northwest:distance,5,5,3.6
addr:parish,5,5,2.2
direction_southeast:distance,5,5,3.4
utm_coordinates,5,5,2.0
name:pl,5,5,2.0
traffic_sign:2,5,5,2.0
trailer:sales,1,5,2.0
recycling:shoes,1,4,2.0
display,2,4,2.0
alt_name:sr-Latn,4,4,2.25
financial,1,4,4.0
self_service:conditional,4,4,2.25
theme,4,4,2.0
watsan:users_per_day,4,4,2.25
founder:wikipedia,1,4,2.0
founder:wikidata,1,4,2.0
addr:level,3,4,2.0
confectionery,4,4,2.0
ref:rspo,4,4,2.75
name:ne,4,4,2.0
artwork:subject,3,4,5.33
seamark:source,2,4,2.0
bicycle:sales,1,4,2.0
high_ropes_course:start,4,4,2.0
route_ref:De_Lijn,4,4,5.75
commemorates,4,4,2.0
opening_hours:winter,4,4,2.0
food:ful,2,4,2.5
hazard,4,4,2.25
direction_southeast:4,4,4,2.75
direction_west:osmc:symbol,4,4,4.25
opening_hours:lobby,4,4,3.0
board:title:el,4,4,2.0
opening_hours:visitors,4,4,2.75
name:sl,4,4,2.25
alt_name:sr,4,4,2.25
is_in:country,2,4,2.0
atm:opening_hours,4,4,2.25
note:route,1,4,2.0
alt_name:pl,4,4,2.0
was:direction,4,4,2.0
atm,3,4,2.0
gift,4,4,2.5
route_marker:bicycle:direction:backward,3,4,2.0
parking:description,4,4,2.0
cafe:type:it,4,4,3.0
car:type,4,4,2.75
public_transport,4,4,2.5
opening_hours:conditional,4,4,4.0
opening_hours:rubbish,4,4,3.0
description:de:covid19,2,4,2.0
fixme:en,1,4,2.0
direction_southeast:osmc:symbol,4,4,4.0
contact:person,4,4,2.25
school:orientation,3,4,2.67
fixme:fr,1,4,2.0
opening_hours:male,4,4,3.25
mass_times,4,4,3.25
hazard:name,4,4,2.0
vehicle:type,4,4,2.0
former_name,4,4,2.0
structure,4,4,5.0
source:branch,1,4,2.0
description:ko,3,4,3.0
newspaper,1,4,2.0
winery,4,4,6.0
relation:route,3,4,2.0
brand:ja,4,4,2.0
brewery:wikidata,4,4,2.25
operator:website,4,4,2.0
protection_title:category,4,4,2.25
league,4,4,2.75
for,2,4,2.0
inscription_3,4,4,2.75
brewery:weizen,4,4,2.0
specialty,4,4,2.75
source:fixme,1,4,3.0
listed_status,4,4,2.0
direction_southwest:distance,4,4,6.25
logistics,4,4,2.5
source:ele,4,4,2.0
kitchen,4,4,2.25
name:ta,4,4,2.0
ref:FR:CUB,4,4,2.0
mtb,3,4,2.67
water:communities_yes,4,4,3.25
socket:type1:output,4,4,4.0
assortment,3,4,3.67
gaming,2,4,2.0
contact:centrex,4,4,2.0
unit,2,4,2.0
network_mm,2,4,2.0
note:destination2,3,4,2.67
opening_hours:fr,4,4,2.5
literatur,1,4,3.0
was:brand,4,4,2.75
partner,2,4,2.0
mineshaft_type,2,4,2.0
video:format,2,4,2.5
power_supply:maxcurrent,4,4,2.0
memorial:subject:wikidata,3,4,2.0
ref:open.toronto.ca:bicycle-parking-high-capacity-outdoor:id,3,4,2.0
informal,1,4,2.0
paving_stones:shape,1,4,2.0
artwork:material,4,4,2.0
ref_name,4,4,2.0
opening_hours:happy_hour,4,4,2.25
source:outline,2,4,2.0
lit,4,4,2.25
ref_name:PT:dgeg:precos-combustiveis,4,4,2.0
contact:addr,4,4,2.0
camera:direction,4,4,2.25
activation,1,4,3.0
opening_hours:donations,4,4,2.5
source:safety:mask,1,4,2.0
was:fhrs:id,4,4,2.25
game,2,4,2.5
source:heritage,4,4,2.0
royal_cypher:wikidata,3,4,2.0
direction_north:5,4,4,2.75
note:,4,4,3.0
opening_hours:comment,4,4,2.0
socket:type1_combo,2,4,2.0
ref:EU:EVSE:1,4,4,6.0
covered,2,4,2.0
removed:operator,4,4,2.25
direction_west:5,4,4,2.5
note:fi,2,4,2.0
lacounty:ain,4,4,2.0
alt_name:vi,4,4,2.25
ref:evse,4,4,2.0
toilet,4,4,2.0
hazard_type,1,4,2.0
clock:direction,2,4,2.0
direction_south:5,4,4,2.75
alt_name:uk,4,4,2.5
community_center:for,3,4,2.33
fireplace,2,4,2.5
route_marker:bicycle:direction:forward,4,4,2.25
source:delivery,2,4,2.0
source:contact:phone,1,4,2.0
viewpoint:direction,4,4,3.5
name:ca,4,4,2.75
old_ref:EU:EVSE,4,4,2.5
last_collection,4,4,2.0
opening_hours:dispensing,4,4,3.0
ministry,4,4,3.25
ref:IE:smr,4,4,4.0
it:sales,4,4,2.75
opening_hours:cashier,4,4,3.5
drink:bionade,2,4,2.0
ref:volme_galerie,3,3,2.0
collection,3,3,2.0
ruins,3,3,2.0
maxheight,2,3,2.0
operator_partners,3,3,2.67
ref:FR:RNA,3,3,2.0
drinks,3,3,2.67
ref:iz,3,3,2.0
capacity:parent,3,3,2.0
addr:floor:ref,2,3,2.0
opening_hours:exhibition,3,3,2.67
lunch:warm,3,3,2.0
war_memorial,2,3,3.0
name:alt,3,3,2.33
naptan:AtcoCode,3,3,2.67
fee:description,3,3,2.33
tyre_repair,3,3,2.33
vehicle,1,3,2.0
disabled,1,3,2.0
opening_hours:holidays,3,3,3.0
flour,3,3,3.33
valid_in,3,3,2.67
slipway,2,3,3.0
addr:suite,3,3,2.67
cooking:specialities,3,3,2.0
emergency:social_facility:id,3,3,2.0
removed:direction_west,3,3,3.67
tyres,2,3,2.0
technology,3,3,2.33
party,2,3,2.0
taxi:conditional,3,3,2.0
name:sk,3,3,2.0
platforms,3,3,2.0
delivery:covid19,3,3,2.0
disused:owner,3,3,2.0
grave:marker,3,3,2.0
cuisine:specialty,3,3,2.0
service:vehicle:glass,1,3,2.0
description:2,3,3,2.33
disabled:conditional,3,3,2.0
destination:right,3,3,2.67
christ:colour,2,3,2.0
commemorates:wikidata,3,3,2.33
ref:EVSEID,3,3,2.0
safety:mask:covid19,3,3,2.67
opening_hours:bakery,3,3,2.33
alt_name:mr,3,3,2.33
naptan:Landmark,3,3,2.33
on_air:frequency,3,3,2.33
alt_name:ku,3,3,2.67
tours,3,3,2.33
hiking,2,3,2.0
old_name:be,3,3,2.67
dedicatee,3,3,2.0
ref:cui,3,3,3.67
service:vehicle:car_repair,3,3,2.67
note:fr,3,3,2.0
source:socket,1,3,2.0
water:source_of_water,3,3,2.0
not:historic,1,3,2.0
note:lit,3,3,2.0
water_quality_issue,3,3,2.0
alt_name:ko,3,3,2.0
employee,3,3,2.0
brand:website,3,3,2.33
rooms,3,3,2.67
arcade_game,3,3,2.67
old_name:de,3,3,2.0
workshop,3,3,2.67
ims:frequency,3,3,2.0
payment:coins:type,1,3,2.0
delivery:gofood,3,3,2.0
construction,3,3,2.33
position,1,3,2.0
drink:cider,2,3,2.0
mtb:description,1,3,2.0
public_figure,3,3,2.0
ref:IFOPT,3,3,2.67
engineer:type,3,3,2.0
bath:type,2,3,2.0
kayak,2,3,2.5
suspended_food,2,3,2.0
facility:services,1,3,15.0
was:direction_southwest,3,3,2.67
contact:postcode,3,3,2.0
board:title:en,3,3,2.0
kml_folder,3,3,2.0
tickets,2,3,2.0
year,2,3,2.5
mascot,2,3,2.0
seamark:topmark:colour,2,3,3.5
clothes:women,1,3,2.0
description:payment:en,2,3,2.0
old_name:zh,3,3,2.0
opening_hours:postal,3,3,2.33
direction_northwest:en,3,3,2.33
is_in:city,2,3,3.0
source:motorcar,1,3,2.0
opening_hours:food,3,3,2.0
contact:vhf,3,3,3.0
camera:sales,1,3,2.0
opening_hours:car_repair,3,3,2.67
ref:GR:kepId,3,3,2.0
description:opening_hours,3,3,2.67
pet_grooming,1,3,2.0
service:bicycle:repair,2,3,3.0
authority,1,3,3.0
design,3,3,3.67
parking:disabled,2,3,2.0
old_postal_code,3,3,2.0
GNS:id,3,3,2.33
reception_desk:for,2,3,2.0
description_1,3,3,2.0
electronics:type,2,3,4.0
source:number,1,3,2.0
phone:IT,2,3,2.0
disused:ref,3,3,2.0
openfire:conditional,1,3,4.0
interior_decoration,3,3,2.33
sample_collection:test_type,3,3,2.0
supervised,3,3,2.33
drink:soft_drink,3,3,2.67
was:direction_southeast,3,3,3.0
check_date:recycling,3,3,2.0
confluence,3,3,2.0
video,3,3,2.0
contact:phone:description,2,3,2.0
buried:wikipedia,3,3,2.0
ref:msal,3,3,2.0
direction_southwest:5,3,3,2.33
not:addr:postcode,3,3,2.0
species:sw,1,3,2.0
model:wikidata,3,3,2.0
ref:FR:NM,3,3,2.0
railway:signal:main:states,1,3,3.0
note:direction,3,3,2.67
direction_west:distance,3,3,3.67
delivery:grabfood,3,3,3.33
ref:nces,3,3,2.0
old_short_name,2,3,3.0
provided_for,2,3,2.5
name:pt,3,3,2.33
school:for,3,3,2.33
note_3,3,3,3.0
boundary_name,3,3,2.0
fixme:opening_hours,3,3,2.33
source:craft,1,3,2.0
operator:contact:phone,2,3,2.0
drink:club-mate,2,3,2.0
atm:network,3,3,2.0
ski:sales,1,3,2.0
ref:BCT,3,3,2.0
naptan:Street,3,3,2.0
bar,3,3,2.0
opening_hours:showroom,3,3,2.67
diet,3,3,2.67
genus,3,3,2.0
delivery:conditional,3,3,2.67
description:1,3,3,3.0
brunch,3,3,2.0
alt_name:el,3,3,2.33
inscription:6,3,3,2.33
øx:iid,3,3,2.0
weather_protection,3,3,2.0
operator_type,3,3,2.0
door,3,3,2.0
direction_southeast:5,3,3,2.33
trolley:deposit,2,3,2.5
old_ref:FR:prix-carburants,3,3,2.0
website:orders,3,3,2.67
socket:type,3,3,2.33
branch:en,3,3,2.33
scuba_diving:type,3,3,3.0
drinking_water:type,3,3,2.0
ticket,3,3,2.0
lighthouse:shape,3,3,2.0
source:authentication,1,3,2.0
naptan:Indicator,3,3,2.33
was:ref:FR:SIRET,3,3,2.0
operator:abbr,1,3,2.0
source:parking:fee,1,3,2.0
contact:fire_phone,3,3,2.0
quiet_hours,3,3,2.33
cash_withdrawal:operator,3,3,2.0
seamark:light:colour,3,3,2.0
historic:conflict,2,3,2.0
artwork:context,2,3,2.5
post_office:operator,3,3,2.33
harbour:fuel_station,3,3,2.0
name:ms,3,3,2.67
healthcare:speciality:mn,1,3,2.0
recycling_type,2,3,2.0
source:maxheight,1,3,2.0
drink:lemonade,3,3,2.67
motorcycle:rental,2,3,2.0
operator:ref:inn,3,3,2.67
ref:cueanexo,3,3,2.0
source:changing_table,1,3,2.0
customers,2,3,2.0
guest_house,3,3,2.33
opening_hours:brunch,3,3,2.33
notes,3,3,2.67
education:repetition_rate,3,3,5.0
phases,2,3,2.0
name:ku,3,3,2.0
ref:IE:nm,3,3,2.0
Facilities,3,3,4.0
charge:youth,3,3,2.67
sport:de,3,3,2.0
survey_point:structure,2,2,2.0
wheelchair:entrance_width,2,2,3.5
financial_services,2,2,2.5
socket:typee,1,2,2.0
socket:type2:voltage,2,2,2.0
addr:province,2,2,2.0
source:building,2,2,2.5
opening_hours:carryout,2,2,2.5
direction_northwest:5,2,2,2.5
bic,2,2,2.0
community:for,2,2,2.5
source:charging_station,1,2,2.0
socket:unknown,2,2,2.5
socket:multi:type,1,2,2.0
name:etymology:wikipedia,2,2,2.0
direction_southsouthwest,2,2,2.0
crossing:markings,1,2,2.0
serial_number,2,2,2.0
person:date_of_death,2,2,2.0
inscription:fr:2,2,2,2.0
water_type,2,2,2.0
vehicle:conditional,1,2,2.0
healthcare:service,2,2,3.0
destination:ski,2,2,4.5
laptop:conditional,2,2,2.0
disused:healthcare,2,2,2.0
gtfs:stop_id,2,2,4.0
object:housenumber,2,2,2.0
loc_name:source,1,2,2.0
capacity:free:hourly:summer,2,2,9.0
description:location,2,2,2.0
reg_name,2,2,2.0
description:ca,2,2,2.0
destination:ref:to,2,2,2.5
name:ja-Latn,2,2,2.5
stars,2,2,3.0
doityourself,2,2,2.0
operator:ref:kpp,2,2,2.5
removed:contact:website,2,2,2.0
stele:material,2,2,2.0
temporary:opening_hours,1,2,2.0
destinations,2,2,5.0
charge:alpine_club_member,2,2,4.5
free_flying:site,1,2,2.0
electrical,2,2,2.5
callsign,2,2,3.5
oil,2,2,3.0
opening_hours:donation,2,2,2.0
alt_name:tl,1,2,3.0
related:wikidata,2,2,2.0
was:brand:wikidata,2,2,2.0
NOTE,2,2,2.5
defibrillator:location,2,2,2.0
direction_southwest:6,2,2,3.0
demolished:colour,1,2,2.0
subject:wikimedia_commons,2,2,2.0
inscription:zh,2,2,2.5
not:fhrs:id,2,2,2.0
member_of:wikidata,1,2,2.0
camera:type,2,2,2.5
drink:whisky,2,2,2.0
phone:conditional,2,2,2.0
opening_hours:iranian_calendar,2,2,2.5
drink:fritz-kola,1,2,2.0
vegetables,2,2,3.5
source:capacity:persons,2,2,2.0
name:th,2,2,2.0
opening_hours:nl,2,2,2.5
note_4,2,2,3.0
cargo_value,1,2,2.0
distance:forward,2,2,2.5
toilet_good,2,2,2.0
source:product,1,2,2.0
bus_routes,2,2,2.0
ref:evseid,2,2,2.0
designated,2,2,2.0
phone:telephone_cards,2,2,2.5
ref:samrun,2,2,2.0
disused:craft,2,2,2.0
alt,2,2,4.0
newspaper:brand,2,2,2.0
drink:espresso,2,2,2.0
musical_instrument:repair,2,2,2.5
payment:others,2,2,2.5
source:artist_name,1,2,2.0
boat:rental,2,2,2.5
relief,2,2,2.0
direction_southwest:colour,2,2,2.5
photopoint:prop,2,2,2.0
old_name:uk,2,2,2.0
source:bulk_purchase,1,2,2.0
alt_name:it,2,2,2.0
maxstay:only,1,2,2.0
GNS:UNI,2,2,3.0
source:capacity,2,2,2.0
platform,2,2,2.0
name:vi,2,2,2.0
direction_east:6,2,2,3.0
indoor,1,2,2.0
berries,2,2,2.5
post_office:services,2,2,2.5
socket:type2_cable:output,2,2,2.0
note:position,2,2,2.0
farm:pick_your_own,2,2,4.5
unsigned_ref,2,2,2.0
contact:phone:opening_hours,2,2,2.5
traffic_sign:forward,1,2,3.0
veterinary:for,2,2,8.0
was:phone,2,2,2.5
wetap:statusnote,2,2,2.0
beds,2,2,2.0
ref:EU:EVSE:2,2,2,2.0
width,2,2,2.0
inscription:back,2,2,2.5
source:subject,2,2,2.5
note:DE,2,2,4.0
authentication:disc:conditional,2,2,2.0
cafe,1,2,2.0
ref:FR:VHU,2,2,2.5
recycling:cans,1,2,2.0
capacity:free:hourly:fall:Thu,2,2,9.5
source:stars,2,2,2.0
booth:material,2,2,2.0
couplings:diameters,2,2,3.0
authentication:membership_card:types,2,2,2.5
address,2,2,2.0
emergency:shelter_type,2,2,2.0
bicycle:repair,2,2,2.0
healthcare:speciality:2,2,2,13.0
description:target,2,2,9.5
addr:street:it,2,2,2.0
opening hours:workshop,1,2,2.0
alt_name:nl,2,2,2.0
text,2,2,2.0
long_name,2,2,3.0
contact:icq,2,2,8.5
opening_hours:men,2,2,2.5
format:top,2,2,2.0
ref:inaturalist.org,2,2,11.0
short_name:ja,1,2,3.0
was:direction_south,2,2,2.0
operator:ja,2,2,2.0
ref:regon,2,2,2.5
computer:software,2,2,2.0
alt_name:ur,2,2,2.5
motorcycle:tours,1,2,2.0
seafood:type,2,2,7.0
communication,1,2,2.0
payment:contactless,1,2,2.0
payment:cash:denominations,1,2,2.0
source:short_name,2,2,2.5
pedestal:material,2,2,2.0
gate,1,2,2.0
destination:lang:de,2,2,6.0
source:maxspeed,2,2,2.0
darts:type,1,2,2.0
flickr,2,2,2.0
ref:nsrq,2,2,2.0
diet:vegetarian,1,2,2.0
horeca:type:nl,2,2,2.0
ref:manufacturer,2,2,2.0
source:network,1,2,2.0
second_day,1,2,4.0
childcare,2,2,2.0
planned:opening_hours,2,2,2.0
direction_west:en,2,2,2.5
opening_hours:ru,2,2,2.5
alt_name:th-Latn,2,2,2.5
source:drink:beer,1,2,2.0
tickets:public_transport,2,2,2.0
name:ar1,2,2,2.0
building_good,2,2,2.0
ref:avf,2,2,2.0
high_water:waterway,2,2,2.0
opening_hours:prescription,2,2,2.0
inscription_4,2,2,2.0
waste:disposal,1,2,2.0
high_water:height,2,2,7.0
drink:craft_beer,2,2,2.5
not:brand:wikidata,2,2,2.0
old_official_name:zh,2,2,2.0
castle_type:de,2,2,2.0
disused:beauty,2,2,3.5
disused:alt_name,2,2,2.0
fixme:2,2,2,2.5
number_building,2,2,2.5
dinner:menu,2,2,2.0
brand:zh,1,2,2.0
opening_hours:cash,2,2,2.5
live_music,2,2,2.5
contact:viber,2,2,2.0
addr:subward,2,2,2.0
survey,2,2,2.0
locality,2,2,2.0
Comments,2,2,2.0
food_sharing,2,2,3.5
amenity:for,2,2,2.0
panoramax:2,2,2,3.5
opening_hours:soon,2,2,3.0
short_name:en,2,2,3.0
historic:text,2,2,2.0
source:was,1,2,2.0
destination:country,1,2,2.0
diplomatic,1,2,2.0
drink:cola,2,2,2.0
toilets:description,2,2,2.0
opening_hours:women,2,2,3.5
collection_times:air,2,2,2.0
opening_days,2,2,2.5
recycling:bottles,1,2,2.0
standby_hours,2,2,2.5
railway:signal:distant:states,1,2,3.0
place_of_worship,2,2,2.0
tobacco,2,2,2.0
operating,2,2,2.0
genus:ru,2,2,2.0
opening_hours:2025-,2,2,2.0
kvl_hro:desc,2,2,2.0
network:zh,2,2,2.0
wreck:cargo,2,2,2.0
destination:lang:it,2,2,5.5
direction_north:foot,2,2,2.5
post_box:mouth,2,2,2.0
description:position,2,2,2.0
opening_hours:club,2,2,2.5
addr:hamlet:en,2,2,2.5
millennium:date,2,2,2.0
service:vehicle:used_car_sales,2,2,6.0
bakery,1,2,2.0
capacity:free:hourly:fall:Mo,2,2,2.5
on_air:hours,2,2,2.0
material:de,2,2,2.0
old_official_name,2,2,2.0
capacity:free:hourly:fall:weekend,2,2,13.5
was:route_ref,2,2,4.5
source:model,1,2,2.0
source:laundry_service,1,2,2.0
addr:landmark,2,2,2.0
culture,2,2,2.0
socket:type1,2,2,2.0
food:falafel,1,2,2.0
trash,1,2,2.0
brand:remarketed,2,2,2.5
composite,1,2,2.0
police:FR,2,2,2.0
source:healthcare,1,2,2.0
alt_name:gd,2,2,2.5
old_name:language,2,2,2.0
delivery_times,2,2,2.0
name:km,2,2,2.0
inscription:5,2,2,2.0
source:note:ref,1,2,2.0
pay_amount,2,2,2.0
phone_1,2,2,2.0
opening_hours:indoor_seating,2,2,2.5
toys,2,2,5.0
network:en,2,2,2.0
ref:FR:Paris:plaque,2,2,2.0
opening_hours:cuisine,2,2,3.0
ref:FR:GendarmerieNationale,2,2,2.0
vegetable,2,2,2.5
inscription:direction_south,2,2,4.5
source:no,1,2,2.0
passenger_information:scope,1,2,2.0
outdoor_seating:seasonal,2,2,2.5
alt_name:lt,2,2,2.0
service:repair,2,2,2.5
vending:ja,1,2,2.0
pcode,2,2,2.0
guide_routes,1,2,2.0
disk_repair,2,2,3.5
fixme:type,2,2,2.0
toilets:fee,1,2,2.0
industry,2,2,2.5
drink:cocktail,2,2,2.0
mapillary:image,2,2,2.0
shop:-2021,2,2,2.0
network:wikipedia,1,2,2.0
enshrine,2,2,3.0
drink:mate,2,2,2.0
addr:hamlet:it,2,2,2.5
operator:rm,1,2,2.0
post_office:stamps,2,2,2.0
ref:wien:kultur,2,2,2.0
building_status,1,2,2.0
wheel_repair,2,2,2.0
information_type,1,2,2.0
clothing,2,2,2.5
changing_table,2,2,2.0
car:rental,1,2,2.0
board:title:fr,2,2,2.0
architect:wikipedia,2,2,2.0
alt_name:ja-Hira,2,2,2.0
beer_brand,2,2,3.5
demolished:material,1,2,2.0
feeding:type,2,2,2.0
vhf,2,2,2.0
note_1,2,2,2.5
service:bicycle:rental,1,2,2.0
ski,2,2,2.0
opening_hours:old,2,2,3.5
damage_status,1,2,2.0
delivery:description,2,2,2.0
opening_hours:outdoor_seating,2,2,2.5
name:oc,2,2,2.0
fix_guidepost:ticket,2,2,2.0
alt_name:id,2,2,3.0
art,2,2,2.0
xmas:day_date,2,2,3.0
animal_training,2,2,2.0
contact:skype,2,2,3.0
access:description:ADA,2,2,2.0
person:name,2,2,2.0
post:postcode,2,2,3.5
removed:direction_south,2,2,5.5
name:kl,2,2,2.0
socket:cee:output,2,2,2.0
official_status,2,2,2.0
cityracks.housenum,2,2,2.5
car:parts,2,2,2.0
reusable_packaging:network,2,2,2.0
operator:ref:ogrn,2,2,2.5
direction_east:5,2,2,2.0
waterway:porttype,1,2,2.0
public_bookcase:type,2,2,2.0
nid:inscription_date,2,2,2.0
address:comment,2,2,2.0
inscription:en:1,2,2,5.5
source_1,2,2,2.0
kindergarten:FR,2,2,2.0
shinto:saijin,2,2,4.5
view,2,2,2.5
kitchen_equiped,1,2,2.0
addr:state,2,2,2.0
sauna:temperature,2,2,2.5
supervisor,1,2,2.0
monument,2,2,2.5
military_service,2,2,2.5
toilets:panoramax,2,2,4.0
old_name:pl,2,2,2.0
alt_name:ms,2,2,2.0
toilet_bad,2,2,2.0
residents,1,2,2.0
hands_drying,1,2,2.0
course,2,2,2.0
openfire,2,2,2.0
toilets:wheelchair:panoramax,2,2,3.0
court_area,2,2,2.0
network:guid,1,2,2.0
opening_hours:pub,2,2,2.5
motif,2,2,2.5
opening_hours:after_school,2,2,3.0
exercise,2,2,2.5
cityracks.large,2,2,2.0
source:bar,1,2,2.0
ref:GB:nhle,2,2,2.0
name:ja-Hira,2,2,3.0
name:sv,2,2,2.0
start_date:note,2,2,2.0
service:bicycle:cleaning:charge,1,2,3.0
source:level,2,2,2.0
room,2,2,2.0
highway,2,2,2.0
storage,1,2,2.0
related_law,1,2,2.0
access:note,2,2,2.0
line:RATP,1,2,2.0
tap_status,1,2,2.0
comment2,2,2,2.5
service:printing,2,2,2.5
inscription_1,2,2,2.5
not:healthcare,1,2,2.0
orienteering,1,2,2.0
was:direction_northwest,2,2,3.5
timetable,2,2,2.0
cuisine:en,2,2,3.0
description_3,2,2,4.0
users_girl,1,2,2.0
addr:milestone,2,2,2.0
was:website,2,2,2.0
opening_hours:reservation,2,2,2.0
balloon:tours,2,2,2.5
addr:complement,2,2,2.0
fictional_character,2,2,2.5
service_area,2,2,4.5
delivery_hours,2,2,3.5
name:cs,2,2,2.0
zoo,2,2,2.0
opening,2,2,3.0
boundary_name:de,2,2,2.0
rcn_ref,2,2,3.5
saint,2,2,2.0
computer:parts,2,2,2.0
note:routes,2,2,3.5
tee,2,2,3.0
doctors,2,2,2.0
seamark:daymark:colour,2,2,3.5
polling_station:precinct,2,2,2.5
fast_food,2,2,2.0
booking,2,2,2.5
school:SN,1,2,2.0
cityracks.small,1,2,2.0
inscription:en:2,2,2,5.0
name:kn,2,2,2.0
currency:EUR,2,2,2.0
authentication:phone_call:number,2,2,2.0
stećak:format,2,2,2.0
board:content,2,2,3.0
phone:delivery,2,2,2.0
name:hi,2,2,2.0
note:es,2,2,2.5
name:ps,2,2,3.0
source:drinking_water,2,2,2.0
nickname,2,2,2.0
ims:id,2,2,2.0
text4,1,2,2.0
alt_name:br,2,2,2.0
instagram,2,2,2.0
opening_hours:surgery,2,2,2.5
ref:FR:sport_equip,2,2,2.5
species:nl,2,2,2.0
brand:ar,2,2,2.0
post_box:location,2,2,2.5
squad,2,2,3.5
millennium:ref,2,2,2.0
bench,2,2,2.0
Horário de atendimento:,1,2,2.0
name:mk,2,2,2.0
ref:HU:vending_reg,2,2,3.5
id:uuid,1,2,2.0
opening_hours:mail,1,1,2.0
delivery:description:it,1,1,2.0
opening_hours:bulk,1,1,3.0
disused:ref:FR:SIRET,1,1,2.0
destination:6,1,1,2.0
donator,1,1,2.0
note:FIXME,1,1,2.0
socket:tesla_supercharger:output,1,1,2.0
for:pets,1,1,4.0
direction_east:en,1,1,2.0
opening_hours:customers,1,1,2.0
source:old_amenity,1,1,3.0
service:consulting,1,1,2.0
cuisine:es,1,1,5.0
condition,1,1,2.0
atv:rental,1,1,2.0
brewery:koelsch,1,1,2.0
takeaway:phone,1,1,2.0
surcharge,1,1,2.0
filming,1,1,2.0
transport,1,1,2.0
seamark:buoy_special_purpose:colour,1,1,3.0
via:street:zh,1,1,3.0
visa:country,1,1,2.0
crossing,1,1,2.0
healthcare:insurance,1,1,2.0
mode_of_organisation:ownership_structure,1,1,2.0
payment:gift_card,1,1,2.0
source:addr:housenumber:ref,1,1,2.0
subject:website,1,1,2.0
commodity,1,1,3.0
boat:parts,1,1,6.0
contact:ra,1,1,2.0
railway:signal:direction,1,1,2.0
opening_hours:consultation,1,1,4.0
direction_southeast:mtb,1,1,2.0
pump,1,1,2.0
laundry:drying,1,1,2.0
operator:gnr,1,1,2.0
water_place:access,1,1,2.0
note:addr:city,1,1,2.0
opening_hours:El_Techo,1,1,4.0
manufacturer:type,1,1,2.0
wheelchair:note,1,1,3.0
lunch:buffet:price,1,1,2.0
medical_system,1,1,2.0
opening_hours:release,1,1,3.0
drink:mio_mio_mate,1,1,2.0
opening_hours:courses,1,1,3.0
was:direction_northwest:route,1,1,4.0
service:cast_count,1,1,2.0
direction_south:HW5,1,1,3.0
shop1,1,1,2.0
abandoned:opening_hours,1,1,2.0
service_times:confession,1,1,4.0
opening_hours:expo,1,1,2.0
contact:pobox,1,1,2.0
membership:conditional,1,1,2.0
opening_hours:Condesa,1,1,3.0
operator:bnr,1,1,2.0
old_name_1,1,1,2.0
spesialty,1,1,2.0
name:gd,1,1,2.0
public_utility,1,1,3.0
drink:iced_tea,1,1,2.0
opening_hours:raw_bar,1,1,2.0
old_phone,1,1,2.0
seamark:building:shape,1,1,2.0
cash_out,1,1,3.0
currency:CHF,1,1,2.0
nwn_ref,1,1,2.0
tractor:sales,1,1,2.0
award:michelin:selected,1,1,3.0
addr:entrance,1,1,2.0
cuisine:it,1,1,2.0
payment:cryptocurrencies,1,1,2.0
disused:healthcare:speciality,1,1,2.0
healthcare:product,1,1,2.0
phone:AU,1,1,2.0
currency:XLT,1,1,2.0
tools,1,1,3.0
fee:price,1,1,2.0
communication:amateur_radio:beacon:wavelength,1,1,5.0
ref:radvervehrsnetzNRW,1,1,2.0
subject:ref:CH:hls-dhs,1,1,2.0
employment_agency,1,1,2.0
fee:types,1,1,2.0
departments,1,1,3.0
office:type,1,1,2.0
light:colour,1,1,2.0
cuisine:conditional,1,1,3.0
alt_name:lo,1,1,2.0
contact:service,1,1,2.0
depicts,1,1,2.0
commemoration_date,1,1,2.0
was:addr:door,1,1,2.0
inscription:en:3,1,1,5.0
doctor,1,1,5.0
disused:cargo,1,1,2.0
opening_hours:praxis,1,1,3.0
urgent_care,1,1,2.0
name:ja_rm,1,1,2.0
source:fee:conditional,1,1,2.0
description:bg,1,1,2.0
opening_hours:保険窓口,1,1,2.0
was:brewery,1,1,3.0
end_date,1,1,2.0
fhrs:local_authority_id,1,1,2.0
xmas:note,1,1,2.0
sector,1,1,2.0
contact:nodal_officer_mobile,1,1,2.0
townhall:type,1,1,2.0
razed:direction_north:symbol,1,1,2.0
opening_hours:click_and_collect:direct_to_boot,1,1,2.0
doctor_name,1,1,3.0
source:reservation,1,1,2.0
socket:schuko:voltage,1,1,2.0
prow_ref,1,1,2.0
nysgissam:nysaddresspointid:2,1,1,3.0
school_district,1,1,2.0
not:ref:GB:the_circuit,1,1,2.0
inscription:direction_east,1,1,3.0
distance:backward,1,1,2.0
note:royal_cypher,1,1,2.0
groyne,1,1,2.0
fire_hydrant:location,1,1,3.0
old_name:es,1,1,2.0
was:name_1,1,1,2.0
razed:direction_south:route,1,1,2.0
source:details,1,1,2.0
old_name:ca,1,1,2.0
opening_hours:cafe_and_bar,1,1,2.0
operator:recycling:clothes,1,1,2.0
source:parking_space,1,1,2.0
was:description,1,1,5.0
denotation,1,1,3.0
direction_east:HW5,1,1,2.0
full_name,1,1,2.0
floors,1,1,2.0
memorial:person,1,1,3.0
direction_northwest:1:symbol,1,1,2.0
parking_space:conditional,1,1,2.0
opening_hours:swimming_pool,1,1,3.0
counselling,1,1,2.0
ref:service,1,1,2.0
opening_hours:member,1,1,2.0
toilets:type,1,1,2.0
alt_branch,1,1,2.0
opening_hours:box_office,1,1,4.0
direction:1988--~2020,1,1,2.0
socket:schuko:current,1,1,4.0
lit:source,1,1,2.0
pier:name,1,1,2.0
ref:hiking,1,1,2.0
opening_hours:blood_tests,1,1,2.0
lastcheck:note,1,1,2.0
name:zh-Latn-pinyin,1,1,2.0
deli:type,1,1,7.0
source:contact:housenumber,1,1,3.0
demolished:direction_north:route,1,1,2.0
hgv_articulated:conditional,1,1,5.0
contact:name,1,1,4.0
contact:foursquare,1,1,2.0
line,1,1,2.0
nrb_class,1,1,2.0
opening_hours:sample,1,1,2.0
opening_hours:auto_care_center,1,1,2.0
ref:EU:ESVE,1,1,2.0
source:cargo_bike:2021-12:fr,1,1,2.0
opening_hours:description:da,1,1,2.0
socket:shimano_steps_5pin:current,1,1,2.0
drinking_water:seasonal,1,1,2.0
buffet,1,1,3.0
internet_access:wlan:ssid,1,1,2.0
inscription:is,1,1,2.0
recycling:batteries,1,1,2.0
photographer,1,1,5.0
website:nl,1,1,2.0
industrial:equipment,1,1,2.0
marque,1,1,2.0
razed:opening_hours,1,1,2.0
jewelry,1,1,3.0
opening_hours:open_swimming,1,1,2.0
social_centre:for,1,1,2.0
ref:DE-BY:school_number,1,1,2.0
contact:phone:note,1,1,2.0
addr:roomnumber,1,1,2.0
tank,1,1,2.0
artist:wikimedia_commons,1,1,2.0
checkpoint:type,1,1,2.0
url:booking,1,1,2.0
ebusinesslotse:profil,1,1,4.0
toy,1,1,2.0
pedestal:decoration,1,1,2.0
opening_hours:Tea_Service,1,1,4.0
alt_name:pi,1,1,2.0
street_vendor,1,1,2.0
ref:rathaus_galerie,1,1,2.0
phone:EG:mobile,1,1,2.0
post_office:letter_from,1,1,2.0
service:brand,1,1,10.0
opening_hours:waiting_area,1,1,3.0
removed:direction_northwest,1,1,6.0
old_name:2010-2012,1,1,2.0
cave:equipment,1,1,2.0
opening_hours:seating,1,1,3.0
shower_good,1,1,2.0
socket:gb_ac,1,1,2.0
disused:brand,1,1,2.0
source:currency:EUR,1,1,2.0
ref:ruian:building,1,1,2.0
description:fr:2022-11,1,1,2.0
via:street:en,1,1,3.0
recycling:food,1,1,2.0
was:shoes,1,1,2.0
parcel_box:operator,1,1,2.0
clothes:-2023,1,1,2.0
panoramax:1,1,1,6.0
alt_name:grc,1,1,2.0
well_open,1,1,2.0
clothes_line,1,1,2.0
seamark:landmark:function,1,1,2.0
dryer:payment:coins:denominations,1,1,4.0
服務里別,1,1,2.0
opening_hours:optician,1,1,3.0
motor,1,1,2.0
masonry,1,1,2.0
inscription:my:1,1,1,8.0
imaging:type,1,1,6.0
pickup,1,1,2.0
removed:direction_southwest,1,1,4.0
opening_hours:wireless_services,1,1,2.0
scale,1,1,2.0
opening_hours:wheelchair,1,1,2.0
vending:opening_hours,1,1,4.0
shared_taxi:opening_hours,1,1,4.0
sign,1,1,2.0
drive_through:opening_hours,1,1,3.0
collection_times:payment_terminal,1,1,2.0
note:adfc-celle,1,1,2.0
direction_east:it,1,1,2.0
stone:colour,1,1,2.0
fuel:octane_87,1,1,2.0
source:period,1,1,2.0
subject:ref:CH-GE:icono,1,1,2.0
barbecue_grill,1,1,2.0
socket:tesla_supercharger,1,1,2.0
amusement_arcade,1,1,2.0
source:toilets,1,1,2.0
note:floor:material,1,1,2.0
description:3,1,1,2.0
opening_hours:grooming,1,1,2.0
opening_hours:reading_room,1,1,2.0
via:ref,1,1,3.0
tomb,1,1,2.0
lottery:conditional,1,1,3.0
cannon:type,1,1,2.0
check_date:capacity,1,1,2.0
direction_southwest:en,1,1,2.0
student:count,1,1,3.0
event,1,1,3.0
removed:contact:email,1,1,2.0
clothes:material,1,1,2.0
fixme:oh,1,1,7.0
name:eu,1,1,2.0
waste_basket,1,1,3.0
service:inspection,1,1,2.0
website:fr,1,1,2.0
heading:northeast,1,1,4.0
was:operator,1,1,2.0
parcel_pickup,1,1,2.0
opening_hours:2017,1,1,2.0
direction_northeast:ja-Hira,1,1,3.0
source:historic:period,1,1,2.0
service_times:maariv,1,1,2.0
disused:brand:wikidata,1,1,2.0
member_of,1,1,2.0
undefined,1,1,3.0
special_care,1,1,2.0
opening_hours:librarys,1,1,3.0
fruits,1,1,2.0
disused:direction_east:symbol,1,1,2.0
indoor:level,1,1,2.0
kerosene,1,1,2.0
use,1,1,2.0
apartment:for,1,1,2.0
memorial:note,1,1,2.0
ref:KČT:old,1,1,2.0
email:orders,1,1,2.0
descent,1,1,5.0
ref:schlossgutshofbritz,1,1,2.0
disused:direction_east:route,1,1,2.0
opening_hours:pizza,1,1,2.0
opening_hours:ATM,1,1,3.0
consultation_hours,1,1,4.0
accountant,1,1,2.0
plants,1,1,2.0
COMMENTS,1,1,2.0
addr:street:name,1,1,2.0
opening_hours:healthcare:speciality:internal,1,1,3.0
recycling:aluminium,1,1,2.0
source:fuel:lpg,1,1,2.0
award:500_bowls,1,1,3.0
service:tyres,1,1,4.0
was:healthcare:speciality,1,1,3.0
person:profession:kl,1,1,5.0
tattoo,1,1,2.0
cuisine:outside,1,1,5.0
species:ja,1,1,2.0
alt_name:lld,1,1,2.0
age_group,1,1,2.0
dance,1,1,2.0
old_name_2,1,1,2.0
driving_school:vehicle,1,1,4.0
was:direction_south:symbol,1,1,2.0
source:organic,1,1,2.0
architectural_style,1,1,2.0
opening_hours:reference_desk,1,1,2.0
parking:condition:maxstay,1,1,2.0
opening_hours:tours,1,1,2.0
contact:music_director,1,1,2.0
automated,1,1,2.0
note:ru,1,1,2.0
ref:EVS-ID,1,1,2.0
route_ref:rapidkl,1,1,4.0
note:address,1,1,2.0
information:en,1,1,2.0
fixme:cuisine,1,1,4.0
bathroom,1,1,3.0
was:direction_west,1,1,2.0
comment:de,1,1,2.0
name:te,1,1,2.0
siren:purpose,1,1,2.0
bunker_type,1,1,2.0
dsa:criteria,1,1,2.0
was:official_name,1,1,2.0
person:profession:en,1,1,5.0
manned,1,1,4.0
ref:nhn,1,1,2.0
lawyer:note,1,1,3.0
socket:device:USB-A:current,1,1,2.0
museum:type,1,1,2.0
time:forward,1,1,3.0
payment:lightning:operator,1,1,2.0
brand:rental,1,1,3.0
snowboard:sales,1,1,2.0
shop:musical_instrument,1,1,2.0
old_name:da,1,1,4.0
dec,1,1,3.0
deaf:description,1,1,2.0
founder,1,1,3.0
clothes:children,1,1,2.0
ref:linz:topo50_id,1,1,2.0
cash_in,1,1,3.0
opening_hours:online_rocket,1,1,3.0
restaurant:type:fr,1,1,3.0
tailor,1,1,2.0
alcohol_licensing:children_allowed,1,1,3.0
opening_hours:karaoke,1,1,2.0
description:tr,1,1,2.0
direction_north:en,1,1,2.0
source:material,1,1,2.0
pe:minedu:codigo_modular,1,1,2.0
inscription:es,1,1,2.0
mtb:type,1,1,3.0
short_name:ru,1,1,2.0
seamark:daymark:colour_pattern,1,1,2.0
map_scale,1,1,2.0
creative,1,1,2.0
landcover,1,1,2.0
microbrewery,1,1,2.0
service_times:wheelchair,1,1,2.0
ref:cin,1,1,3.0
education:num_classes,1,1,2.0
collection_times:notes,1,1,2.0
charge:service:40min:conditional,1,1,3.0
cuisine:inhouse,1,1,5.0
direction_south_east,1,1,2.0
disused:opening_hours:kitchen,1,1,3.0
time:backward,1,1,2.0
computer:data,1,1,3.0
so,1,1,2.0
opening_hours:car_sale,1,1,2.0
name:pi-Latn,1,1,4.0
note:direction_southwest,1,1,2.0
removed:phone,1,1,2.0
inscription:plate2,1,1,5.0
wheelchair:description:eo,1,1,2.0
tents,1,1,2.0
recycling:waste,1,1,2.0
description:fee,1,1,2.0
lunch:menu:url,1,1,2.0
cooking:types,1,1,2.0
source:listed_status,1,1,2.0
post_office,1,1,2.0
books:it,1,1,3.0
generator:method,1,1,2.0
brand:batteries,1,1,4.0
clothes:repair,1,1,2.0
opening_hours:collision_center,1,1,2.0
loc_phone,1,1,2.0
old_name:hy,1,1,2.0
faces,1,1,2.0
shop:type,1,1,3.0
fuel:discount,1,1,2.0
shoes:rental,1,1,2.0
school:ML,1,1,2.0
centralkey,1,1,2.0
winery:grape,1,1,3.0
swingerclub:for,1,1,4.0
status,1,1,2.0
ref:NO:orgnr,1,1,2.0
ref_line,1,1,3.0
communication:amateur_radio:beacon:antenna,1,1,5.0
working Area,1,1,2.0
drink:premium-mate,1,1,2.0
was:direction_southwest:route,1,1,6.0
power_source,1,1,2.0
authentication:short_message,1,1,2.0
power_supply:voltage,1,1,2.0
commemorates:wikipedia,1,1,5.0
ref:FR:CNC,1,1,2.0
alt_name:fi,1,1,2.0
name:mr,1,1,2.0
alt_name:sv,1,1,2.0
removed:ref,1,1,2.0
opening_hours:early_bird,1,1,2.0
telecom,1,1,2.0
pitch,1,1,2.0
drink:addon:sweeteners,1,1,2.0
cosmetics,1,1,2.0
note:amenity,1,1,2.0
opening_hours:checkin,1,1,2.0
via:street,1,1,3.0
direction_east:mtb,1,1,2.0
addr:street:corner,1,1,2.0
alcohol:conditional,1,1,3.0
note2,1,1,2.0
ref:FR:museofile,1,1,2.0
delivery:contact:phone,1,1,2.0
temporary:name,1,1,2.0
program,1,1,2.0
motor_vehicle,1,1,2.0
recycling:cartons,1,1,2.0
Sports Area Rules,1,1,2.0
playing_hours,1,1,24.0
is_in:hu,1,1,5.0
service:bicycle:pump,1,1,2.0
clt:inscription_date,1,1,2.0
disused:shoes,1,1,2.0
destination:left,1,1,2.0
not:office,1,1,2.0
hide,1,1,2.0
addr:hamlet,1,1,2.0
old_name:1966,1,1,2.0
circus,1,1,5.0
source:megalith_type,1,1,2.0
construction_date,1,1,3.0
recycling:electronics,1,1,2.0
food_type,1,1,3.0
garden_centre,1,1,6.0
copier:source,1,1,2.0
fee:60min,1,1,4.0
door:material,1,1,2.0
alt_name:sq,1,1,2.0
vending:seasonal,1,1,2.0
live_music:genre,1,1,3.0
fuel:lpg:conditional,1,1,3.0
opening_hours:doctor,1,1,2.0
FIXME:classify,1,1,3.0
permit:phone,1,1,2.0
brand:el,1,1,2.0
sortiment,1,1,3.0
bin,1,1,2.0
service_times:mass,1,1,3.0
base_material_values,1,1,2.0
phone:signed,1,1,2.0
truck:type,1,1,3.0
railway:signal:crossing:states,1,1,2.0
charge:young_child,1,1,3.0
was:direction_north,1,1,3.0
source:image,1,1,3.0
direction_east:distance,1,1,2.0
ref:bufa,1,1,2.0
opening_hours:schreyer,1,1,5.0
inscription:be,1,1,2.0
foodbank,1,1,2.0
alt_name:ja-Latn,1,1,2.0
tank_open,1,1,2.0
name:note,1,1,2.0
website:catalogue,1,1,2.0
disused:sport,1,1,2.0
addr:description,1,1,2.0
type:it,1,1,2.0
pedestal:stone,1,1,2.0
disused:man_made,1,1,2.0
was:cuisine:fr,1,1,2.0
website:note,1,1,2.0
outdoor_seating:breakfast,1,1,2.0
boules,1,1,2.0
opening_hours:training,1,1,3.0
was:collection_times,1,1,2.0
second_hand:type,1,1,2.0
kids_area:description:en,1,1,2.0
dinner:buffet,1,1,2.0
ref:ico,1,1,2.0
cuisine:ha,1,1,2.0
payment:paypay,1,1,2.0
facility:services:mn,1,1,8.0
name:yue,1,1,2.0
recycling:plastic,1,1,2.0
operator:doctor,1,1,2.0
cellar:type,1,1,2.0
disused:direction_southeast,1,1,2.0
direction_southeast:colour,1,1,2.0
name:br,1,1,2.0
opening_hours:testing,1,1,2.0
confession_times,1,1,2.0
note:wheelchair,1,1,2.0
cylinders,1,1,4.0
ferry:name,1,1,3.0
est_date,1,1,2.0
alt_name:zh-Latn-pinyin,1,1,5.0
old_name:vi,1,1,4.0
description:phone,1,1,3.0
opening_hours:juridical,1,1,2.0
old_name:nl,1,1,2.0
opening_hours:online,1,1,4.0
direction_south:1:osmc:symbol,1,1,4.0
operator:MNC,1,1,2.0
video:sales,1,1,2.0
artist_name:ru,1,1,3.0
donations_accepted,1,1,16.0
representative_figure,1,1,3.0
description:address,1,1,2.0
garden,1,1,2.0
name:ka,1,1,2.0
instruments,1,1,3.0
access_notice,1,1,3.0
source:office,1,1,2.0
official_name:be,1,1,2.0
old_name:fr,1,1,2.0
music_type:no,1,1,2.0
period,1,1,2.0
leather,1,1,2.0
direction_northeast_changed,1,1,2.0
GNS:uni,1,1,3.0
opening_hours:inspection,1,1,3.0
contact:phone:orders,1,1,3.0
destination:sv,1,1,9.0
disused:direction_southeast:route,1,1,7.0
clothes:men,1,1,2.0
opening_hours:beauty,1,1,3.0
drink:hot_chocolate,1,1,2.0
claimed_by,1,1,3.0
description:sv,1,1,2.0
note:payment,1,1,3.0
phone:copies,1,1,2.0
communication:amateur_radio:beacon:frequency,1,1,5.0
mapillary_1,1,1,2.0
branch:ja,1,1,3.0
artist_name:hy,1,1,3.0
ims:media_type,1,1,2.0
person,1,1,3.0
image2,1,1,2.0
rehabilitation_need,1,1,2.0
disused:research,1,1,3.0
cityracks.installed,1,1,2.0
entrance:kerb:height,1,1,2.0
internet_access:operator:wikidata,1,1,2.0
post_office:operator:wikidata,1,1,3.0
real_fire,1,1,2.0
mapping_practices,1,1,2.0
collection_times:note,1,1,2.0
collection_times:UPS_Air,1,1,2.0
socket:schuko:output,1,1,4.0
terminal_type,1,1,2.0
opening_hours:food_pantry,1,1,2.0
opening_hours:notary,1,1,4.0
epigraph,1,1,2.0
was:operator:brand,1,1,3.0
craft:fr,1,1,6.0
delivery:area,1,1,2.0
opening_hours:-2025,1,1,2.0
phone:ES,1,1,2.0
memorial:name2,1,1,2.0
opening_hours:early_voting,1,1,3.0
advertising,1,1,2.0
sight_query,1,1,4.0
produce:de,1,1,2.0
cave:features,1,1,2.0
service_times:mincha,1,1,3.0
kinky,1,1,2.0
mvdgis:padron,1,1,2.0
source:bicycle,1,1,2.0
description:ADA,1,1,2.0
ssr:stedsnr,1,1,2.0
deaf:description:en,1,1,2.0
note:recycling,1,1,2.0
network:type,1,1,6.0
description:sk,1,1,7.0
youtube,1,1,2.0
source:operator:official_name,1,1,2.0
map:title,1,1,2.0
payment:notes:denominations:conditional,1,1,4.0
seamark:buoy_safe_water:colour,1,1,2.0
admin_level,1,1,2.0
opening_hours:optometrist,1,1,3.0
zero_waste,1,1,2.0
service:vehicle:air_conditioning,1,1,3.0
opening_hours:buffet,1,1,3.0
seamark:beacon_cardinal:colour,1,1,3.0
collection_times:express_international,1,1,2.0
panoramax:3,1,1,6.0
sushi,1,1,2.0
state,1,1,2.0
lunch:menu:price,1,1,3.0
source:emergency:phone,1,1,2.0
mobile_phone:type,1,1,4.0
disused,1,1,2.0
stationery,1,1,2.0
guidepost_ref,1,1,2.0
traffic_sign:direction,1,1,2.0
wheelchair:description:ca,1,1,2.0
opening_hours:lab,1,1,2.0
renovation_date,1,1,3.0
opening_hours:2024-,1,1,3.0
alt_name:rm,1,1,2.0
alt_name:hi,1,1,3.0
spoken,1,1,3.0
removed:direction_south:route,1,1,3.0
destination:symbol:forward,1,1,2.0
opening_hours:ticket_office,1,1,2.0
alt_name:te,1,1,3.0
opening_hours:self_checkout,1,1,4.0
sells:clothes,1,1,3.0
brand:ups,1,1,4.0
high_ropes_course:end,1,1,2.0
turn:lanes,1,1,2.0
courthouse,1,1,2.0
opening_hours:deli,1,1,2.0
payment:mastercard,1,1,2.0
opening_hours:trainer,1,1,4.0
school:subject,1,1,2.0
was:destination:2,1,1,3.0
source:beauty,1,1,2.0
bicycle:market,1,1,3.0
species:fr,1,1,3.0
ref:KCT:old,1,1,5.0
tenant,1,1,3.0
grape_variety,1,1,6.0
testing,1,1,3.0
vks:level,1,1,3.0
check_date:opening_hours,1,1,2.0
destination:fr,1,1,2.0
phone:service,1,1,2.0
mvv:zone,1,1,2.0
pets,1,1,2.0
photo_num,1,1,2.0
doctor:name,1,1,2.0
service:vehicle:body_repair,1,1,2.0
opening_hours:private,1,1,2.0
person:profession:de,1,1,5.0
drink:kombucha,1,1,2.0
name:-2023,1,1,5.0
shop:2018,1,1,2.0
direction:1990-late 2010s,1,1,3.0
parking:condition:area:time_interval,1,1,2.0
historic:url,1,1,2.0
material:wikidata,1,1,2.0
vehicle:repair,1,1,2.0
was:contact:phone,1,1,2.0
opening_hours:wellness,1,1,2.0
cards,1,1,4.0
product:wikidata,1,1,2.0
attribution,1,1,2.0
diet:vegan:description,1,1,2.0
horeca:type,1,1,2.0
training:focus,1,1,2.0
opening_hours:members,1,1,2.0
openbenches:id,1,1,2.0
organic:conditional,1,1,2.0
fee:30min,1,1,4.0
fix_guidepost:ticket:date,1,1,2.0
todo,1,1,2.0
recycling:plastic_packaging,1,1,2.0
mhs:criteria,1,1,3.0
bus_lines,1,1,3.0
maxstay,1,1,3.0
dealer,1,1,2.0
office_hours,1,1,2.0
ref:HK,1,1,2.0
after_school,1,1,2.0
diet:vegan,1,1,2.0
source:name:de,1,1,2.0
old_addr:postcode,1,1,2.0
plate:right,1,1,2.0
well,1,1,2.0
operator_1,1,1,2.0
direction_west:de,1,1,3.0
operator:TML,1,1,2.0
service_times:en,1,1,3.0
direction_southeast:6,1,1,2.0
events_venue,1,1,2.0
rent,1,1,3.0
inscription:pl,1,1,4.0
nat_ref,1,1,2.0
seamark:rescue_station:category,1,1,2.0
internet_access:access,1,1,2.0
name:ur,1,1,2.0
contact:language,1,1,3.0
healthcare:specialty,1,1,3.0
guided_tour,1,1,2.0
elevator,1,1,2.0
glaziery,1,1,2.0
communication:amateur_radio:beacon:power,1,1,5.0
name:yue-Latn,1,1,2.0
removed:name,1,1,2.0
entrance:width,1,1,2.0
drink:sake,1,1,2.0
note:website,1,1,2.0
flooring,1,1,5.0
shop_1,1,1,2.0
renewable_energy:type,1,1,3.0
carpet:type,1,1,2.0
description:healthcare:speciality,1,1,2.0
opening_hours:x-ray,1,1,3.0
opening_hours:informal_reception,1,1,3.0
anime,1,1,2.0
shop:fr,1,1,2.0
polling_station,1,1,2.0
piste:type,1,1,2.0
dishes,1,1,8.0
selling,1,1,4.0
on_air:hours:digital,1,1,3.0
reg_ref,1,1,2.0
opening_hours:El_Cafe,1,1,2.0
opening_hours:photo_center,1,1,2.0
genre,1,1,2.0
website:menu:drink,1,1,2.0
goods:conditional,1,1,3.0
source:service,1,1,2.0
service:vehicle:batteries,1,1,2.0
ref:SDI,1,1,2.0
drink:astra,1,1,2.0
boat:tours,1,1,2.0
disc_golf:par,1,1,2.0
deli,1,1,2.0
full_service,1,1,2.0
not:waste,1,1,3.0
parking:condition:both,1,1,2.0
direction_east:1:symbol,1,1,3.0
service:customer_service,1,1,2.0
charge:discounted,1,1,3.0
addr:settlement,1,1,2.0
opening_hours:corporate,1,1,2.0
destination:bicycle:forward,1,1,2.0
fabric,1,1,2.0
construction:opening_hours,1,1,2.0
phone:appointment,1,1,2.0
container:ref,1,1,2.0
built2:architect,1,1,2.0
picnic_table,1,1,2.0
bakery:opening_hours,1,1,3.0
nursery,1,1,2.0
contact:tiktok,1,1,2.0
hairdresser:services,1,1,4.0
was:brand:wikipedia,1,1,2.0
sells:tobacco,1,1,3.0
ref:old,1,1,2.0
tobacco:conditional,1,1,3.0
communication:amateur_radio:repeater:dcs,1,1,2.0
panoramax:4,1,1,6.0
artist_name:wikidata,1,1,2.0
mvdgis:cod_nombre,1,1,2.0
contact:gg,1,1,2.0
fee:amount,1,1,2.0
ref:RO:lmi,1,1,2.0
school:type_idn,1,1,2.0
socket:shimano_steps_5pin:voltage,1,1,2.0
key_cutting:type,1,1,4.0
school:level,1,1,2.0
disused:hobby,1,1,2.0
webshop,1,1,2.0
room:type,1,1,2.0
drinking_water:flavour,1,1,2.0
opening_hours:library,1,1,3.0
artwork:partner,1,1,2.0
source:object,1,1,2.0
artist_name:hu,1,1,2.0
opening_hours:consular,1,1,2.0
name:kk,1,1,2.0
menu:url,1,1,2.0
opening_hours:2016-2022,1,1,4.0
takeaway:description,1,1,2.0
opening_hours:cantina,1,1,2.0
bicycle_tube,1,1,2.0
animal:de,1,1,2.0
note:phone,1,1,2.0
water_purification,1,1,2.0
ref:FR:AnnuaireSante,1,1,2.0
massgis:PRIM_PURP,1,1,2.0
tractor:equipment,1,1,2.0
building_medium,1,1,2.0
opening_hours:deck,1,1,3.0
operator:official_name,1,1,2.0
hardware:type,1,1,4.0
osm_id,1,1,3.0
opening_hours:ro,1,1,3.0
check_in,1,1,2.0
short_name:sr-Latn,1,1,2.0
note:laxbar,1,1,4.0
opening_hours:car_parts,1,1,2.0
wikimedia_commons:pano,1,1,2.0
seamark:beacon_lateral:colour,1,1,2.0
was:direction_south:route,1,1,6.0
destination:7,1,1,2.0
railway:position,1,1,2.0
recycling:plastic_bottles:colour,1,1,2.0
rugby,1,1,2.0
alt_name:lv,1,1,5.0
capacity:shop,1,1,2.0
ref:CNES,1,1,2.0
name:abbr,1,1,2.0
cocktails,1,1,2.0
naptan:AltStreet,1,1,2.0
direction_south:ja-Hira,1,1,2.0
source:fixme:shop,1,1,2.0
note:historic:operator,1,1,2.0
opening_hours:spare_parts_service,1,1,3.0
notice,1,1,2.0
name:popular,1,1,2.0
source:capacity:persons:covid19,1,1,2.0
artist:website,1,1,2.0
trade:type,1,1,2.0
loc_name:da,1,1,2.0
ideology,1,1,2.0
source:ncn_milepost,1,1,2.0
note:it,1,1,2.0
charge:description,1,1,4.0
direction_south:2:osmc:symbol,1,1,2.0
brand:phone,1,1,2.0
bearproof_storage,1,1,3.0
post_office:brand:wikipedia,1,1,2.0
simulator,1,1,3.0
washing_machine:payment:coins:denominations,1,1,4.0
product:ja,1,1,2.0
ethnic,1,1,2.0
healthcare:speciality:1,1,1,12.0
phone:FR,1,1,2.0
free to use?,1,1,2.0
fare,1,1,3.0
disused:collection_times,1,1,2.0
payment:provider,1,1,3.0
cuisine:rubbish,1,1,4.0
toilets:num_chambers,1,1,2.0
transformer:rating,1,1,3.0
old_name:uz,1,1,2.0
local_name,1,1,3.0
contact:mobile:conditional,1,1,3.0
note:1,1,1,2.0
description:fi,1,1,3.0
name:bg,1,1,2.0
lottery:opening_hours,1,1,2.0
old_branch,1,1,2.0
was:location,1,1,3.0
advertising_agency:speciality,1,1,13.0
description:3:it,1,1,3.0
operator:person,1,1,2.0
brand:fa,1,1,2.0
operator:mobile,1,1,2.0
source:description:drink,1,1,2.0
phone:call_center,1,1,2.0
phone_alt,1,1,2.0
drink:water,1,1,2.0
description:ms,1,1,7.0
drink:milk,1,1,2.0
access:description,1,1,2.0
collection_times:mail,1,1,4.0
ref:reef,1,1,2.0
source:geometry:ref,1,1,2.0
ref:IČO,1,1,2.0
note:cuisine,1,1,2.0
fountain:material,1,1,2.0
award:michelin,1,1,2.0
recording_studio,1,1,2.0
opening_hours:gelateria,1,1,2.0
direction_northwest:via,1,1,2.0
paho:id,1,1,2.0
branch:short,1,1,2.0
opening_hours:extended,1,1,4.0
ref:edubase,1,1,2.0
motorcycle:engine,1,1,5.0
person:profession:da,1,1,6.0
washing_machine,1,1,2.0
seasonal:winter:ski:rental,1,1,3.0
snowmobile:sales,1,1,2.0
capacity:free:hourly:fall:We,1,1,7.0
charge:buffet,1,1,2.0
collection_times:parcel,1,1,3.0
opening_hours:shipping,1,1,2.0
razed:direction_east:route,1,1,3.0
spare_parts,1,1,2.0
communication:amateur_radio:repeater:frequency_out,1,1,2.0
ref:serial_number,1,1,2.0
homeless_shelter:meals,1,1,4.0
traffic_sign:variable,1,1,2.0
defibrillator:location:de,1,1,2.0
inscription:backward,1,1,5.0
insurance:healthcare,1,1,2.0
drink:tea:description,1,1,2.0
legal_type:FR,1,1,2.0
service_type,1,1,3.0
cxx:id,1,1,2.0
website:en,1,1,2.0
commemoration,1,1,3.0
food:katsu,1,1,2.0
houseware,1,1,3.0
edible_oil:type,1,1,6.0
alt_name:pt,1,1,2.0
trees,1,1,2.0
proposed:opening_hours,1,1,5.0
color,1,1,2.0
addr:khasra,1,1,2.0
drink:rothaus,1,1,2.0
was:direction_northwest:symbol,1,1,2.0
deposit,1,1,2.0
video:type,1,1,2.0
opening_hours:Beratung,1,1,2.0
facilities,1,1,20.0
razed:direction_south,1,1,2.0
fixed,1,1,2.0
toilets:position:male,1,1,2.0
working_area,1,1,3.0
telecommunication,1,1,2.0
destination:side,1,1,2.0
ref:details,1,1,2.0
monitoring:water_quality,1,1,2.0
original_position,1,1,2.0
fitness,1,1,6.0
material:colour,1,1,2.0
description:be,1,1,2.0
service:vehicle:tyres,1,1,3.0
route_ref:TECH,1,1,2.0
cuisine:wikidata,1,1,2.0
was:destination:1,1,1,3.0
alt_addr:place,1,1,2.0
3d_printing,1,1,2.0
description:ja-Latn,1,1,2.0
church:type,1,1,2.0
destination:colour,1,1,2.0
phone:BE,1,1,2.0
emergency:ref,1,1,2.0
brewery:pils_non-alcoholic,1,1,2.0
ufrn:codigo_unidade,1,1,2.0
inscription:direction_west,1,1,3.0
opening_hours:legal_person,1,1,2.0
opening_hours:Sozialamt,1,1,2.0
cuisine:chinese,1,1,2.0
drink:premium-cola,1,1,2.0
not:collection_times,1,1,3.0
inscription:my:3,1,1,5.0
coordinates,1,1,2.0
cxx:code,1,1,2.0
source:dry_cleaning,1,1,2.0
drink:port,1,1,2.0
description:ja-Hira,1,1,2.0
takeaway:cuisine,1,1,2.0
opening_hours:remote,1,1,2.0
range,1,1,2.0
library_media,1,1,4.0
old_source,1,1,2.0
seamark:buoy_isolated_danger:colour,1,1,3.0
financial_advisor,1,1,2.0
source:rwn:name,1,1,2.0
opening_hours:optical_center,1,1,2.0
recycling:clothes:operator,1,1,2.0
disused:name:en,1,1,2.0
old:shop,1,1,2.0
taxon:it,1,1,2.0
recycling:refund_bottle_crates,1,1,2.0
name_1,1,1,2.0
parking:condition:right:maxstay,1,1,2.0
food:type,1,1,2.0
drink:premium-frohlunder,1,1,2.0
opening_hours:curbside,1,1,2.0
cityracks.street,1,1,2.0
Horário de funcionamento:,1,1,2.0
shop:2021,1,1,2.0
foodbank_url,1,1,2.0
chain,1,1,2.0
truck:repair,1,1,2.0
service:computer,1,1,2.0
sauna:opening_hours,1,1,2.0
internet_access:type,1,1,2.0
wine,1,1,2.0
air_rescue_service,1,1,2.0
collection_times:covid19,1,1,2.0
produced_on_site,1,1,2.0
subject:name,1,1,2.0
protection_title,1,1,2.0
place:nearestlandmark,1,1,3.0
note:route_ref,1,1,2.0
room:ref,1,1,2.0
atelier,1,1,2.0
source:height,1,1,2.0
post_box:apertures,1,1,2.0
drink:bubbles:sugar:caffeine_free,1,1,2.0
checkpoint:operator,1,1,2.0
opening_hours:urgent_care,1,1,2.0
zone:DeWaterbus,1,1,3.0
book,1,1,2.0
note_5,1,1,3.0
maxheight:conditional,1,1,2.0
opening_hours:consulting,1,1,2.0
official_name:language,1,1,2.0
charge:adult,1,1,2.0
atm:operator,1,1,2.0
source:quiet_hours,1,1,2.0
addr:street:en,1,1,2.0
contact:mobile:emergency,1,1,2.0
opening_hours:general,1,1,5.0
plant:source,1,1,2.0
description1,1,1,2.0
socket:gb_ac:voltage,1,1,2.0
cinema:sound:3,1,1,2.0
surcharge:conditional,1,1,2.0
center,1,1,3.0
source:was:opening_hours,1,1,2.0
drive_in,1,1,2.0
disused:direction_southeast:symbol,1,1,2.0
martial_art,1,1,3.0
rvn:signpost:sw,1,1,2.0
inscription3,1,1,2.0
inscription:ms:2,1,1,3.0
personal_service:for,1,1,3.0
was:contact:mobile,1,1,2.0
inscription:en:4,1,1,4.0
ref:2,1,1,14.0
direction_north:1:osmc:symbol,1,1,3.0
contributor,1,1,2.0
opening_hours:dealer,1,1,2.0
source:address,1,1,2.0
flag:colour,1,1,2.0
socket:tesla_destination,1,1,2.0
electronics:soldering,1,1,2.0
switch:ref,1,1,2.0
board:subtitle:front,1,1,2.0
website:creation,1,1,2.0
fan,1,1,2.0
phone:-2020,1,1,2.0
opening_hours:taking_samples,1,1,2.0
opening_hours:alterations,1,1,2.0
balancing,1,1,3.0
rcn_ref:south,1,1,2.0
buying,1,1,2.0
note:pl,1,1,2.0
name:ml,1,1,2.0
show,1,1,2.0
opening_hours:incoming_goods,1,1,2.0
pottery,1,1,3.0
contact:ok,1,1,2.0
socket:american_nema,1,1,2.0
direction_north:HW5,1,1,2.0
ref:GB:tflcid,1,1,2.0
ref:matrikkelen,1,1,2.0
abandoned:amenity,1,1,2.0
traffic_sign:backward,1,1,2.0
fixme:name,1,1,2.0
destroyed:direction_southeast,1,1,2.0
capacity:free:hourly:fall:Tu,1,1,4.0
seats:note,1,1,2.0
heritage:ref,1,1,2.0
mgp:category,1,1,2.0
drink:now,1,1,2.0
name:sw,1,1,2.0
burger:opening_hours,1,1,4.0
seamark:light:1:colour,1,1,2.0
disused:vending,1,1,4.0
PLSS:state,1,1,2.0
laboratory:opening_hours,1,1,2.0
origin:country:conditional,1,1,2.0
was,1,1,2.0
map_source,1,1,2.0
old_nat_ref,1,1,2.0
ref:1,1,1,11.0
karaoke,1,1,2.0
authentication,1,1,3.0
opening_hours:-2021,1,1,2.0
historic:shop,1,1,2.0
ref:bracz,1,1,2.0
direction_west:HW5,1,1,3.0
brand:note,1,1,3.0
source:opening_date,1,1,2.0
opening_hours:vision_center,1,1,3.0
atm_ref,1,1,2.0
team:national_representation,1,1,3.0
source:food,1,1,2.0
direction_northeast:ja-Latn,1,1,2.0
description:insurance,1,1,4.0
short_name:be,1,1,2.0
opening_hours:spa,1,1,2.0
stele:material:stone,1,1,2.0
admin_ref,1,1,2.0
note:atm,1,1,2.0
cash_withdrawal:conditional,1,1,2.0
nrhp:criteria,1,1,2.0
person:profession,1,1,5.0
addr:ward,1,1,2.0
bonusplus,1,1,2.0
addr:city:it,1,1,2.0
old_name:2013,1,1,2.0
xmas:name,1,1,2.0
ice_cream:type,1,1,3.0
give_box,1,1,5.0
fuel:diesel,1,1,2.0
opening_hours:call_center,1,1,3.0
species:es,1,1,3.0
ref:find_a_grave,1,1,2.0
postal_code,1,1,2.0
balloon:type,1,1,2.0
stone,1,1,2.0
pillbox,1,1,2.0
oven,1,1,2.0
source:name:es,1,1,2.0
precision,1,1,2.0
fixme2,1,1,3.0
socket:unknown:output,1,1,3.0
ref:sisa_tipologia,1,1,2.0
sensory_friendly:conditional,1,1,3.0
name:uz,1,1,2.0
battery,1,1,3.0
note:fee,1,1,2.0
opening_hours:brotzeit,1,1,2.0
disused:description,1,1,2.0
ref:GB:HER:Aberdeenshire,1,1,2.0
administrative,1,1,5.0
post_office:packaging,1,1,2.0
local_language,1,1,2.0
source:internet_access,1,1,2.0
cannabis:product,1,1,9.0
ref:fagm,1,1,3.0
service:bicycle:retail,1,1,4.0
opening_hours:kitchen:covid19,1,1,2.0
heritage:website,1,1,2.0
tiles:sales,1,1,2.0
toilets:level,1,1,2.0
brand:de,1,1,3.0
contact:mobile:commercial,1,1,3.0
source:description:cuisine,1,1,2.0
alt_name:yi,1,1,2.0
opening_hours:2022-10-16-,1,1,2.0
product:flour,1,1,2.0
capacity:conditional,1,1,2.0
building:condition,1,1,2.0
alt_name:hy,1,1,3.0
inscription1,1,1,2.0
operator2,1,1,2.0
opening_hours:supervised,1,1,3.0
ref:forum,1,1,2.0
direction_south:en,1,1,2.0
url:3,1,1,2.0
alt_name:fa,1,1,6.0
name:fi,1,1,2.0
opening_hours:coffee_and_cake,1,1,2.0
healthcare:speciality:3,1,1,8.0
rapids,1,1,2.0
opening_hours:vaccination,1,1,2.0
direction_northeast:5,1,1,2.0
network:website,1,1,2.0
alt_name:pi-Latn,1,1,3.0
opening_hours:skyway,1,1,3.0
ref:KR:mfds,1,1,2.0
opening_hours:theoretical_lesson,1,1,5.0
cereal,1,1,2.0
description:url,1,1,2.0
line_ref,1,1,2.0
note:2,1,1,2.0
alt_name:zh-Hant,1,1,3.0
operator:tax,1,1,2.0
scenic,1,1,2.0
description:type2,1,1,2.0
antiques,1,1,3.0
addr:plot,1,1,2.0
happy_hours:kitchen,1,1,3.0
timestamp,1,1,2.0
horeca:type:BE,1,1,3.0
inscription:my:2,1,1,7.0
rvn:signpost:ne,1,1,2.0
operation_hours,1,1,2.0
text:2,1,1,2.0
food:flatbread,1,1,2.0
it,1,1,3.0
opening_hours:coffeebar,1,1,2.0
bell:service_times,1,1,4.0
note:addr:unit,1,1,2.0
opening_hours:2015-08-08--2020-07-02,1,1,2.0
inscription:plate1:column1,1,1,14.0
raw_material,1,1,2.0
website:recycling:fractions,1,1,2.0
atv:parts,1,1,2.0
collection_times:package,1,1,3.0
2009_use,1,1,2.0
opening_hours:selzer,1,1,4.0
teaching,1,1,3.0
direction:1,1,1,2.0
naptan:AltCommonName,1,1,2.0
opening_hours:dr_weinhold,1,1,4.0
agency,1,1,5.0
coal:type,1,1,2.0
source:defibrillator,1,1,2.0
communication:amateur_radio:repeater:shift,1,1,2.0
inscription:my:4,1,1,4.0
opening_hours:lessons,1,1,2.0
therapy,1,1,3.0
permanent_camping,1,1,3.0
brewery:Pils,1,1,2.0
removed:direction_northwest:1,1,1,4.0
station,1,1,2.0
name:my,1,1,2.0
inscription:plate1:column2,1,1,14.0
source:religion,1,1,2.0
fac_pay,1,1,2.0
level_ref,1,1,3.0
second_chance_youth,1,1,2.0
users_boy,1,1,2.0
noodle,1,1,3.0
naptan:CommonName,1,1,2.0
school:fondamental_third_cycle,1,1,2.0
direction_northeast:2:symbol,1,1,3.0
branch:-2025,1,1,2.0
scuba_diving:dangers,1,1,2.0
observation,1,1,2.0
enshrine:sub,1,1,4.0
currency:HUF,1,1,2.0
inscription_5,1,1,3.0
shop:2018-,1,1,2.0
opening_hours:sign,1,1,3.0
opening_hours:appointments,1,1,2.0
min_age:conditional,1,1,2.0
cutting,1,1,2.0
currency:USD,1,1,2.0
environment:theme,1,1,3.0
opening_hours:ramadan,1,1,3.0
wheelchair:description:es,1,1,2.0
heures fonctionnel,1,1,3.0
heading:southeast,1,1,2.0
guidepost:type,1,1,2.0
addr:townland,1,1,2.0
description:schedule,1,1,2.0
opening_hours:outdoor_restaurant,1,1,2.0
source:dispensing,1,1,2.0
adults,1,1,2.0
studio:type,1,1,2.0
addr:streetnumber,1,1,2.0
specality,1,1,2.0
opening_hours:imbiss,1,1,2.0
note:direction_northeast,1,1,2.0
opening_hours:telegraph,1,1,3.0
payment:notes:description,1,1,4.0
ref:FR:ORIAS,1,1,2.0
scuba_diving:organization,1,1,3.0
utility,1,1,2.0
direction_southeast:en,1,1,2.0
harbour:information,1,1,2.0
opening_hours:貯金窓口,1,1,2.0
ref:hsmbc,1,1,2.0
drink:kefir,1,1,2.0
opening_hours:results,1,1,2.0
defibrillator:note:en,1,1,2.0
opening_hours:indoor_range,1,1,5.0
late_lunch,1,1,2.0
payment:dkv,1,1,2.0
description:payment:fr,1,1,4.0
payment:health_insurance,1,1,2.0
blind:description,1,1,2.0
removed:collection_times,1,1,2.0
length,1,1,2.0
inscription:ms:1,1,1,3.0
vinegar:type,1,1,3.0
COD_HAB,1,1,2.0
internet_access:wlan:band,1,1,2.0
viewpoint:height,1,1,2.0
artwork_theme,1,1,2.0
opening_hours:counter,1,1,2.0
service_times:es,1,1,3.0
name:da,1,1,2.0
motor_vehicle:conditional,1,1,2.0
link,1,1,2.0
weapons,1,1,5.0
direction_north:mtb,1,1,2.0
description:pt,1,1,2.0
was:opening_hours:kitchen,1,1,2.0
internet_access:description,1,1,2.0
direction_east:de,1,1,2.0
direction_west:it,1,1,3.0
psychotherapist:for,1,1,2.0
contact:line,1,1,2.0
opening_hours:entity,1,1,2.0
smoking:conditional,1,1,2.0
removed:cuisine,1,1,2.0
diagnostic,1,1,2.0
users_PLWD,1,1,2.0
service_times:shacharis,1,1,3.0
opening_hours:sample_collection,1,1,3.0
charge:service:30min:conditional,1,1,3.0
atmosphere,1,1,4.0
maxweight:conditional,1,1,2.0
users_female,1,1,2.0
school:MG,1,1,2.0
service_provider:wikidata,1,1,4.0
internet_access:conditional,1,1,3.0
name:ro,1,1,2.0
music_type:en,1,1,2.0
naptan:NaptanCode,1,1,2.0
opening_hours:pickup,1,1,7.0
old_beauty,1,1,2.0
education:exam_affiliate,1,1,2.0
disused:direction_east,1,1,2.0
agricultural,1,1,3.0
concept,1,1,2.0
opening_hours:live_music,1,1,2.0
drink:premium-bier,1,1,2.0
opening_hours:infected_person,1,1,2.0
legal,1,1,2.0
owner:short,1,1,2.0
arivac:name,1,1,2.0
was:direction_southwest:symbol,1,1,4.0
source:addr:housename,1,1,2.0
water_characteristic,1,1,5.0
floodable,1,1,2.0
construction_equipment,1,1,3.0
cuisine:de,1,1,2.0
source:hazard,1,1,2.0
distillery:type,1,1,6.0
construction:shop,1,1,2.0
photography,1,1,5.0
classement,1,1,2.0
produce:fr,1,1,2.0
