key,value,n,row_ratio,n_levels,min_level
amenity,bench,3144488,0.104634,17,0
backrest,yes,1728667,0.057522,17,0
tourism,information,1425099,0.047421,17,0
amenity,restaurant,1259226,0.041901,17,0
amenity,waste_basket,1149361,0.038245,17,0
material,wood,941073,0.031315,17,0
wheelchair,yes,816325,0.027164,17,0
amenity,bicycle_parking,751436,0.025004,17,0
covered,no,718521,0.023909,17,0
information,guidepost,643226,0.021404,17,0
shop,convenience,621541,0.020682,17,0
access,yes,598107,0.019902,17,0
amenity,place_of_worship,593718,0.019756,17,0
amenity,cafe,544848,0.01813,17,0
amenity,school,544263,0.018111,17,0
amenity,recycling,518510,0.017254,17,0
fee,no,511010,0.017004,17,0
amenity,fast_food,497308,0.016548,17,0
recycling_type,container,473790,0.015766,17,0
religion,christian,472267,0.015715,17,0
historic,memorial,461499,0.015357,17,0
leisure,picnic_table,458369,0.015252,17,0
information,board,442850,0.014736,17,0
backrest,no,420913,0.014006,17,0
amenity,parking,419935,0.013973,17,0
bicycle_parking,stands,405750,0.013501,17,0
amenity,post_box,405036,0.013478,17,0
shop,clothes,399971,0.013309,17,0
access,private,397325,0.013221,17,0
wheelchair,no,390063,0.012979,17,0
level,0,388798,0.012937,17,0
amenity,pharmacy,386355,0.012856,17,0
hiking,yes,371270,0.012354,17,0
shop,hairdresser,363406,0.012092,17,0
amenity,toilets,360050,0.011981,17,0
amenity,drinking_water,352068,0.011715,17,0
amenity,vending_machine,345652,0.011502,17,0
shop,supermarket,330795,0.011007,17,0
amenity,fuel,328506,0.010931,17,0
tourism,artwork,325803,0.010841,17,0
addr:country,DE,314762,0.010474,17,0
takeaway,yes,313201,0.010422,17,0
amenity,bank,310260,0.010324,17,0
amenity,hunting_stand,296397,0.009863,17,0
leisure,swimming_pool,290461,0.009665,17,0
payment:cash,yes,281615,0.009371,17,0
healthcare,pharmacy,277662,0.009239,17,0
amenity,waste_disposal,268919,0.008948,17,0
amenity,parking_entrance,265806,0.008845,17,0
waste,trash,261650,0.008706,17,0
material,metal,254437,0.008466,17,0
tourism,hotel,251654,0.008374,17,0
tourism,viewpoint,248677,0.008275,17,0
outdoor_seating,yes,240447,0.008001,17,0
internet_access,wlan,238611,0.00794,17,0
amenity,atm,235693,0.007843,17,0
office,company,234306,0.007797,17,0
fee,yes,233325,0.007764,17,0
amenity,shelter,231551,0.007705,17,0
historic,wayside_cross,228664,0.007609,17,0
payment:credit_cards,yes,221321,0.007365,17,0
wheelchair,limited,218896,0.007284,17,0
shop,bakery,218428,0.007268,17,0
colour,brown,217818,0.007248,17,0
leisure,playground,214432,0.007135,17,0
seats,4,214430,0.007135,17,0
amenity,bar,205904,0.006852,17,0
recycling:glass_bottles,yes,193660,0.006444,17,0
seats,3,189178,0.006295,17,0
amenity,parking_space,185752,0.006181,17,0
shop,car_repair,183872,0.006118,17,0
payment:debit_cards,yes,182117,0.00606,17,0
operator:type,public,180594,0.006009,17,0
capacity,2,176599,0.005876,17,0
office,government,175590,0.005843,17,0
amenity,charging_station,175221,0.005831,17,0
tourism,attraction,169901,0.005654,17,0
bicycle,yes,169140,0.005628,17,0
amenity,post_office,168892,0.00562,17,0
shop,beauty,167548,0.005575,17,0
amenity,doctors,167530,0.005575,17,0
historic,archaeological_site,161159,0.005363,17,0
location,outdoor,158539,0.005275,17,0
covered,yes,158076,0.00526,17,0
amenity,kindergarten,156387,0.005204,17,0
indoor_seating,yes,153011,0.005091,17,0
amenity,pub,151411,0.005038,17,0
armrest,no,149166,0.004964,17,0
historic,wayside_shrine,146662,0.00488,17,0
recycling:paper,yes,146173,0.004864,17,0
operator:type,private,143474,0.004774,17,0
amenity,clinic,143255,0.004767,17,0
level,1,143021,0.004759,17,0
drive_through,no,140003,0.004659,17,0
atm,yes,139864,0.004654,17,0
information,map,138372,0.004604,17,0
parking_space,disabled,137862,0.004587,17,0
amenity,fountain,137742,0.004583,17,0
tourism,guest_house,136737,0.00455,17,0
tourism,picnic_site,135827,0.00452,17,0
parking,underground,133999,0.004459,17,0
amenity,dentist,133090,0.004429,17,0
payment:visa,yes,130130,0.00433,17,0
access,customers,129274,0.004302,17,0
payment:mastercard,yes,124744,0.004151,17,0
shop,yes,121207,0.004033,17,0
parking,surface,121203,0.004033,17,0
healthcare,doctor,120739,0.004018,17,0
dispensing,yes,119637,0.003981,17,0
amenity,hospital,114360,0.003805,17,0
capacity,4,114035,0.003795,17,0
bicycle_parking,wall_loops,113652,0.003782,17,0
bench,yes,112782,0.003753,17,0
artwork_type,sculpture,112233,0.003735,17,0
swimming_pool,inground,109550,0.003645,17,0
denomination,catholic,109393,0.00364,17,0
material,stone,108676,0.003616,17,0
religion,muslim,108028,0.003595,17,0
capacity,6,107207,0.003567,17,0
information,route_marker,103230,0.003435,17,0
healthcare,dentist,102563,0.003413,17,0
outdoor_seating,no,102226,0.003402,17,0
capacity,1,101732,0.003385,17,0
source_ref,http://nlftp.mlit.go.jp/ksj/jpgis/datalist/KsjTmplt-P02-v2_0.html,101550,0.003379,17,0
vending,parking_tickets,100829,0.003355,17,0
tourism,camp_site,100567,0.003346,17,0
board_type,history,99677,0.003317,17,0
tourism,camp_pitch,97179,0.003234,17,0
payment:coins,yes,96969,0.003227,17,0
note:ja,国土数値情報（公共施設データ）平成19年　国土交通省,95824,0.003189,17,0
archaeological_site,tumulus,95283,0.003171,17,0
leisure,pitch,94437,0.003142,17,0
historic,boundary_stone,94279,0.003137,17,0
amenity,police,91705,0.003052,17,0
shop,mobile_phone,91246,0.003036,17,0
shop,butcher,89394,0.002975,17,0
amenity,parcel_locker,89209,0.002968,17,0
isced:level,1,88361,0.00294,17,0
amenity,bicycle_rental,87655,0.002917,17,0
healthcare,clinic,87612,0.002915,17,0
shop,car,86533,0.002879,17,0
recycling:plastic,yes,86527,0.002879,17,0
memorial,plaque,86265,0.00287,17,0
office,estate_agent,85570,0.002847,17,0
amenity,social_facility,84136,0.0028,17,0
male,yes,84049,0.002797,17,0
indoor,no,82602,0.002749,17,0
amenity,community_centre,81854,0.002724,17,0
shop,hardware,81618,0.002716,17,0
recycling:clothes,yes,81503,0.002712,17,0
lit,no,81068,0.002698,17,0
artwork_type,statue,81005,0.002695,17,0
diet:vegetarian,yes,79463,0.002644,17,0
material,concrete,78267,0.002604,17,0
shop,outpost,77814,0.002589,17,0
capacity,8,77708,0.002586,17,0
leisure,fitness_centre,77498,0.002579,17,0
capacity,10,76857,0.002557,17,0
amenity,telephone,76806,0.002556,17,0
shop,alcohol,76629,0.00255,17,0
air_conditioning,yes,76217,0.002536,17,0
shop,furniture,75756,0.002521,17,0
recycling:cans,yes,75279,0.002505,17,0
smoking,no,75242,0.002504,17,0
opening_hours:signed,no,74119,0.002466,17,0
shop,optician,73888,0.002459,17,0
shop,florist,73460,0.002444,17,0
shop,kiosk,73024,0.00243,17,0
fuel:diesel,yes,72856,0.002424,17,0
operator:type,government,72852,0.002424,17,0
amenity,townhall,72652,0.002418,17,0
female,yes,72626,0.002417,17,0
shop,jewelry,72593,0.002416,17,0
religion,buddhist,72080,0.002398,17,0
shop,shoes,71501,0.002379,17,0
toilets,yes,70783,0.002355,17,0
shop,electronics,70589,0.002349,17,0
recycling:glass,yes,68726,0.002287,17,0
shop,car_parts,68598,0.002283,17,0
amenity,library,68047,0.002264,17,0
amenity,car_wash,66996,0.002229,17,0
office,insurance,66772,0.002222,17,0
memorial,war_memorial,66281,0.002206,17,0
seats,2,66143,0.002201,17,0
unisex,yes,65964,0.002195,17,0
armrest,yes,65759,0.002188,17,0
payment:contactless,yes,64778,0.002156,17,0
internet_access:fee,no,64407,0.002143,17,0
board_type,nature,64289,0.002139,17,0
indoor,yes,64276,0.002139,17,0
shop,variety_store,63519,0.002114,17,0
parcel_mail_in,yes,62147,0.002068,17,0
lit,yes,61462,0.002045,17,0
material,plastic,61353,0.002042,17,0
vending,excrement_bags,61227,0.002037,17,0
shop,gift,61170,0.002035,17,0
parcel_pickup,yes,61044,0.002031,17,0
motorcar,yes,60990,0.002029,17,0
shelter,yes,60524,0.002014,17,0
addr:state,CA,60139,0.002001,17,0
toilets:wheelchair,no,59954,0.001995,17,0
delivery,yes,59628,0.001984,17,0
shop,vacant,59155,0.001968,17,0
tourism,apartment,59012,0.001964,17,0
historic,monument,58384,0.001943,17,0
leisure,fitness_station,58162,0.001935,17,0
colour,green,57651,0.001918,17,0
toilets:disposal,pitlatrine,56909,0.001894,17,0
operator:wikidata,Q373724,56891,0.001893,17,0
historic,ruins,56499,0.00188,17,0
internet_access,no,56378,0.001876,17,0
tourism,museum,56032,0.001864,17,0
shop,greengrocer,55906,0.00186,17,0
fuel:octane_95,yes,55322,0.001841,17,0
shelter_type,public_transport,55190,0.001836,17,0
amenity,fire_station,54956,0.001829,17,0
level,-1,54524,0.001814,17,0
amenity,ice_cream,54168,0.001802,17,0
addr:country,TW,54001,0.001797,17,0
support,pole,53794,0.00179,17,0
authentication:app,yes,53308,0.001774,17,0
sport,fitness,52557,0.001749,17,0
denomination,roman_catholic,51584,0.001716,17,0
historic,charcoal_pile,51476,0.001713,17,0
leisure,sports_centre,51304,0.001707,17,0
office,yes,50936,0.001695,17,0
shop,books,50784,0.00169,17,0
memorial,stolperstein,50076,0.001666,16,0
toilets:disposal,flush,49843,0.001659,17,0
recycling:plastic_bottles,yes,49227,0.001638,17,0
drinking_water,yes,49213,0.001638,17,0
capacity,5,49149,0.001635,17,0
shop,bicycle,48911,0.001628,17,0
recycling:plastic_packaging,yes,48901,0.001627,17,0
smoking,outside,48382,0.00161,17,0
amenity,childcare,48364,0.001609,17,0
operator:wikidata,Q638098,48274,0.001606,17,0
shop,laundry,48199,0.001604,17,0
addr:country,AT,47979,0.001597,16,1
healthcare,hospital,47937,0.001595,17,0
amenity,veterinary,46695,0.001554,17,0
leisure,slipway,45941,0.001529,17,0
isced:level,0,45870,0.001526,17,0
leisure,park,45744,0.001522,17,0
shop,chemist,45532,0.001515,17,0
shop,travel_agency,45321,0.001508,17,0
historic,yes,45068,0.0015,17,0
source:date,2014-03-24,45068,0.0015,16,1
vending,drinks,44828,0.001492,16,1
leisure,firepit,44772,0.00149,17,0
operator:wikidata,Q157645,44432,0.001478,17,0
office,lawyer,44407,0.001478,17,0
tourism,hostel,43742,0.001456,17,0
amenity,taxi,43725,0.001455,17,0
self_service,yes,43703,0.001454,17,0
healthcare,centre,43378,0.001443,17,0
level,2,43111,0.001435,17,0
amenity,public_bookcase,42371,0.00141,17,0
amenity,bbq,42296,0.001407,17,0
shelter_type,picnic_shelter,42175,0.001403,17,0
amenity,letter_box,42097,0.001401,17,0
payment:app,yes,41542,0.001382,16,1
shop,stationery,41525,0.001382,17,0
layer,-1,41330,0.001375,17,0
amenity,water_point,41124,0.001368,17,0
shop,pet,41031,0.001365,17,0
shop,doityourself,40589,0.001351,17,0
addr:province,서울특별시,40409,0.001345,13,4
currency:EUR,yes,40273,0.00134,17,0
bin,yes,40244,0.001339,17,0
addr:country,US,39478,0.001314,17,0
tumulus,round_tomb,39458,0.001313,17,0
amenity,marketplace,39176,0.001304,17,0
post_box:type,pillar,39101,0.001301,17,0
amenity,grit_bin,38978,0.001297,17,0
craft,grinding_mill,38919,0.001295,17,0
internet_access,yes,38861,0.001293,17,0
drive_through,yes,38741,0.001289,17,0
public_transport,station,38647,0.001286,17,0
socket:type2,2,38638,0.001286,16,1
shop,sports,38280,0.001274,17,0
colour,black,38236,0.001272,17,0
historic:civilization,neolithic,38131,0.001269,17,0
post_box:type,lamp,38049,0.001266,17,0
diet:vegan,yes,37876,0.00126,17,0
payment:maestro,yes,37868,0.00126,17,0
addr:country,IT,37709,0.001255,15,2
drinking_water,no,37698,0.001254,17,0
addr:country,GB,37474,0.001247,17,0
amenity,bus_station,37407,0.001245,17,0
access,permissive,37292,0.001241,17,0
shop,confectionery,37202,0.001238,17,0
toilets:wheelchair,yes,37031,0.001232,17,0
capacity,12,36963,0.00123,17,0
addr:state,NY,36783,0.001224,17,0
sport,table_tennis,36777,0.001224,17,0
amenity,loading_dock,36615,0.001218,17,0
addr:floor,1,36575,0.001217,17,0
amenity,grave_yard,36366,0.00121,17,0
royal_cypher,EIIR,35908,0.001195,17,0
man_made,water_tap,35793,0.001191,17,0
changing_table,no,35706,0.001188,17,0
capacity,3,35557,0.001183,17,0
supervised,no,35419,0.001179,17,0
addr:state,TX,35220,0.001172,17,0
shop,cosmetics,35167,0.00117,17,0
man_made,works,35092,0.001168,17,0
colour,gray,34968,0.001164,17,0
shop,department_store,34863,0.00116,17,0
shop,tobacco,34796,0.001158,17,0
recycling:waste,yes,34176,0.001137,16,1
bicycle_rental,docking_station,34171,0.001137,15,2
amenity,ferry_terminal,34130,0.001136,17,0
source:description,drobne_pamatky,34113,0.001135,17,0
shop,tailor,33817,0.001125,17,0
amenity,clock,33678,0.001121,16,0
lockable,no,33601,0.001118,17,0
product,food,33433,0.001112,17,0
industrial,grinding_mill,33273,0.001107,17,0
location,underground,33257,0.001107,17,0
payment:cards,yes,33182,0.001104,17,0
payment:american_express,yes,33154,0.001103,17,0
payment:notes,yes,33083,0.001101,17,0
flour_fortified,no,33031,0.001099,17,0
vending,public_transport_tickets,33028,0.001099,15,2
office,educational_institution,32733,0.001089,17,0
board_type,notice,32559,0.001083,17,0
shop,computer,32383,0.001078,17,0
recycling:shoes,yes,32226,0.001072,16,1
shop,massage,31738,0.001056,17,0
vending,cigarettes,31650,0.001053,15,2
recycling:cardboard,yes,31649,0.001053,17,0
amenity,shower,31461,0.001047,17,0
colour,red,31387,0.001044,17,0
religion,hindu,31260,0.00104,17,0
memorial,statue,31174,0.001037,17,0
addr:state,PA,30732,0.001023,17,0
surface,asphalt,30494,0.001015,17,0
building,yes,30417,0.001012,17,0
shop,copyshop,30404,0.001012,17,0
royal_cypher:wikidata,Q33102113,30317,0.001009,16,1
payment:credit_cards,no,30305,0.001008,17,0
source:addr,FHRS Open Data,30240,0.001006,17,0
shop,pastry,29907,0.000995,17,0
shop,dry_cleaning,29544,0.000983,16,1
material,steel,29533,0.000983,16,1
tourism,chalet,29391,0.000978,17,0
historic,tomb,28930,0.000963,17,0
location,overground,28668,0.000954,17,0
memorial,stele,28570,0.000951,17,0
amenity,college,28512,0.000949,17,0
beauty,nails,28288,0.000941,17,0
government,administrative,28156,0.000937,17,0
bottle,yes,28077,0.000934,17,0
waste,dog_excrement,27969,0.000931,17,0
amenity,driving_school,27931,0.000929,17,0
source:date,2014-02-11,27893,0.000928,14,3
parking,street_side,27822,0.000926,17,0
office,telecommunication,27641,0.00092,17,0
artwork_type,mural,27428,0.000913,16,1
office,association,27395,0.000912,17,0
bicycle_parking,rack,27394,0.000912,17,0
colour,white,27156,0.000904,17,0
map_size,region,27156,0.000904,16,1
operator:wikidata,Q1032001,27042,0.0009,17,0
payment:debit_cards,no,26937,0.000896,17,0
mtb,yes,26842,0.000893,16,1
shop,motorcycle,26751,0.00089,17,0
takeaway,only,26714,0.000889,16,0
addr:state,FL,26632,0.000886,17,0
shop,tyres,26591,0.000885,17,0
fuel:octane_98,yes,26553,0.000884,17,0
man_made,water_well,26036,0.000866,17,0
source:date,2022,25971,0.000864,17,0
denomination,baptist,25927,0.000863,17,0
shop,beverages,25886,0.000861,17,0
capacity,20,25845,0.00086,17,0
compressed_air,yes,25789,0.000858,16,1
amenity,motorcycle_parking,25724,0.000856,17,0
cash_in,no,25549,0.00085,17,0
addr:state,IL,25424,0.000846,17,0
currency:XBT,yes,25348,0.000843,17,0
religion,shinto,25319,0.000842,17,0
amenity,car_rental,25266,0.000841,17,0
payment:cash,no,25214,0.000839,15,2
shop,newsagent,24965,0.000831,17,0
bus,yes,24934,0.00083,17,0
addr:state,Telangana,24923,0.000829,17,0
tourism,motel,24648,0.00082,17,0
internet_access:fee,customers,24609,0.000819,17,0
contact:vk,https://vk.com/ozon,24400,0.000812,17,0
healthcare:speciality,general,24356,0.00081,17,0
recycling:green_waste,yes,24330,0.00081,17,0
shop,farm,23967,0.000798,17,0
healthcare,physiotherapist,23825,0.000793,17,0
parking,multi-storey,23792,0.000792,16,0
tents,yes,23762,0.000791,17,0
brand:wikipedia,ru:Ozon.ru,23761,0.000791,17,0
shop,trade,23723,0.000789,17,0
addr:state,MI,23620,0.000786,17,0
contact:twitter,https://twitter.com/Ozon_ru,23620,0.000786,17,0
operational_status,operational,23433,0.00078,17,0
delivery,no,23387,0.000778,17,0
source:date,2010..2014,23340,0.000777,17,0
recycling:paper_packaging,yes,23329,0.000776,15,2
parking:fee,no,23290,0.000775,17,0
shop,interior_decoration,23288,0.000775,17,0
authentication:membership_card,yes,23275,0.000774,16,1
bicycle,no,23242,0.000773,17,0
leisure,outdoor_seating,23227,0.000773,17,0
addr:state,VA,23184,0.000771,17,0
amenity,theatre,23162,0.000771,17,0
clothes,women,23141,0.00077,17,0
shop,deli,23035,0.000766,17,0
memorial,stone,23027,0.000766,17,0
map_type,topo,22762,0.000757,17,0
addr:state,NC,22756,0.000757,17,0
source:date,28/09/2015,22752,0.000757,17,0
toilets:handwashing,no,22722,0.000756,17,0
cash_in,yes,22603,0.000752,17,0
backcountry,yes,22477,0.000748,17,0
collection_times,Mo-Fr 09:00; Sa 07:00,22419,0.000746,16,0
ferry,yes,22227,0.00074,17,0
KSJ2:PubFacAdmin,市区町村,22094,0.000735,17,0
historic:civilization,prehistoric,22037,0.000733,17,0
information,office,22005,0.000732,17,0
payment:cards,no,21998,0.000732,17,0
education,school,21911,0.000729,17,0
historic,shieling,21707,0.000722,17,0
shop,ticket,21674,0.000721,17,0
amenity,bicycle_repair_station,21535,0.000717,17,0
shop,toys,21449,0.000714,17,0
entrance,yes,21224,0.000706,17,0
shop,funeral_directors,21176,0.000705,17,0
post_box:type,wall,21050,0.0007,16,0
shop,general,21019,0.000699,17,0
shop,houseware,20934,0.000697,17,0
fuel:lpg,yes,20917,0.000696,17,0
operator:wikidata,Q3182097,20910,0.000696,17,0
recycling:beverage_cartons,yes,20698,0.000689,17,0
bicycle_parking,bollard,20480,0.000681,16,0
shop,seafood,20248,0.000674,17,0
colour,yellow,20138,0.00067,17,0
healthcare,laboratory,20043,0.000667,17,0
social_facility,group_home,20015,0.000666,17,0
addr:country,AR,20004,0.000666,16,1
amenity,bureau_de_change,19931,0.000663,17,0
social_facility:for,senior,19832,0.00066,17,0
reservation,yes,19683,0.000655,17,0
addr:country,LV,19649,0.000654,17,0
map_size,site,19648,0.000654,16,1
operator:wikidata,Q341090,19459,0.000648,16,1
socket:type2:output,22 kW,19459,0.000648,16,1
amenity,watering_place,19417,0.000646,17,0
payment:jcb,yes,19352,0.000644,17,0
amenity,cinema,19335,0.000643,17,0
shelter,no,19254,0.000641,17,0
bin,no,19185,0.000638,17,0
map_type,scheme,19171,0.000638,16,1
healthcare,alternative,19170,0.000638,17,0
payment:lightning,yes,19062,0.000634,17,0
toilets,no,19039,0.000634,17,0
support,wall_mounted,18934,0.00063,16,1
colour,grey,18848,0.000627,16,1
self_service,no,18738,0.000624,17,0
office,ngo,18691,0.000622,17,0
shop,tattoo,18657,0.000621,17,0
KSJ2:PubFacAdmin,民間,18621,0.00062,17,0
addr:state,CO,18593,0.000619,17,0
service:bicycle:pump,yes,18588,0.000619,17,0
seats,1,18562,0.000618,15,2
colour,blue,18558,0.000618,16,1
shop,wine,18455,0.000614,17,0
amenity,nightclub,18443,0.000614,17,0
payment:discover_card,yes,18343,0.00061,17,0
operator:wikidata,Q668687,18298,0.000609,17,0
office,it,18276,0.000608,17,0
operator:short,USPS,18275,0.000608,17,0
addr:state,WA,18217,0.000606,17,0
capacity,16,18154,0.000604,15,0
shelter_type,gazebo,18037,0.0006,17,0
display,analog,18032,0.0006,16,0
second_hand,only,17795,0.000592,17,0
operator:wikidata,Q11509260,17718,0.00059,17,0
recycling:glass,no,17627,0.000587,15,1
changing_table,yes,17599,0.000586,17,0
operator:wikipedia,de:Deutsche Post AG,17587,0.000585,14,3
operator:en,Japan Post,17559,0.000584,17,0
operator:ja,日本郵便,17551,0.000584,17,0
material,bronze,17515,0.000583,16,0
collection_times,Mo-Fr 08:00,17463,0.000581,16,1
payment:visa_electron,yes,17446,0.000581,17,0
addr:province,東京都,17214,0.000573,14,3
shop,garden_centre,17211,0.000573,17,0
addr:state,OH,17188,0.000572,16,1
shop,pawnbroker,17174,0.000571,17,0
military,bunker,16980,0.000565,17,0
seats,6,16904,0.000562,16,0
collection_times,Mo-Sa 09:00,16726,0.000557,15,2
fountain,bubbler,16703,0.000556,17,0
operator:wikipedia,fr:La Poste (entreprise française),16634,0.000554,16,1
covered,booth,16539,0.00055,17,0
map_type,street,16433,0.000547,16,1
bar,yes,16399,0.000546,17,0
tourism,gallery,16396,0.000546,17,0
operator:short:en,JP,16332,0.000543,17,0
operator:short,郵便局,16332,0.000543,17,0
operator:short:ja,郵便局,16332,0.000543,17,0
addr:floor,0,16165,0.000538,15,2
service:bicycle:repair,yes,15996,0.000532,17,0
amenity,university,15952,0.000531,17,0
addr:country,IQ,15942,0.00053,17,0
place,isolated_dwelling,15859,0.000528,17,0
payment:ep_easycard,yes,15744,0.000524,16,1
network,lcn,15735,0.000524,14,3
shop,photo,15729,0.000523,17,0
shop,medical_supply,15712,0.000523,17,0
craft,electronics_repair,15709,0.000523,17,0
seats,5,15600,0.000519,15,2
payment:ep_ipass,yes,15547,0.000517,16,1
addr:country,SE,15532,0.000517,17,0
amenity,events_venue,15481,0.000515,17,0
amenity,lounger,15476,0.000515,17,0
shop,second_hand,15467,0.000515,17,0
payment:apple_pay,yes,15345,0.000511,17,0
brand:wikipedia,en:7-Eleven,15322,0.00051,16,1
indoor_seating,no,15311,0.000509,16,0
toilets:access,permissive,15161,0.000504,17,0
capacity:disabled,1,15132,0.000504,17,0
fireplace,yes,15113,0.000503,17,0
shop,bookmaker,15096,0.000502,17,0
artwork_type,installation,15076,0.000502,17,0
recycling_type,centre,15048,0.000501,17,0
payment:diners_club,yes,14953,0.000498,17,0
caravans,yes,14920,0.000496,17,0
leisure,marina,14919,0.000496,17,0
addr:country,CH,14847,0.000494,16,0
toilets:handwashing,yes,14801,0.000493,17,0
shop,paint,14770,0.000491,17,0
authentication:contactless,yes,14664,0.000488,15,2
office,accountant,14514,0.000483,17,0
level,3,14465,0.000481,14,3
craft,carpenter,14454,0.000481,17,0
historic,castle,14453,0.000481,17,0
capacity,14,14437,0.00048,16,1
operator:type,community,14311,0.000476,17,0
operator:website,https://www.usps.com,14305,0.000476,17,0
sport,basketball,14298,0.000476,17,0
operator:wikipedia,en:United States Postal Service,14290,0.000476,17,0
payment:lightning_contactless,no,14202,0.000473,17,0
shop,art,14186,0.000472,17,0
name:signed,no,14175,0.000472,16,0
network,HELLO CYCLING,13998,0.000466,14,3
network:wikidata,Q91231927,13998,0.000466,14,3
network:ja,ハローサイクリング,13996,0.000466,14,3
addr:country,MD,13994,0.000466,16,0
gbfs:system_id,hellocycling,13994,0.000466,14,3
brand:ja,ハローサイクリング,13992,0.000466,14,3
heritage,2,13966,0.000465,17,0
recycling:newspaper,yes,13939,0.000464,16,0
addr:state,NJ,13918,0.000463,17,0
amenity,internet_cafe,13891,0.000462,17,0
shop,bed,13822,0.00046,16,1
addr:state,AZ,13788,0.000459,17,0
healthcare,yes,13768,0.000458,17,0
seasonal,no,13743,0.000457,17,0
office,employment_agency,13738,0.000457,16,0
shop,mall,13716,0.000456,17,0
amenity,courthouse,13599,0.000453,17,0
recycling:plastic,no,13596,0.000452,16,1
shop,kitchen,13595,0.000452,15,2
amenity,arts_centre,13578,0.000452,17,0
recycling:magazines,yes,13557,0.000451,15,2
language:en,yes,13545,0.000451,16,0
leisure,garden,13529,0.00045,17,0
amenity,payment_terminal,13445,0.000447,17,0
material,aluminium,13324,0.000443,17,0
craft,photographer,13307,0.000443,17,0
map_size,city,13283,0.000442,16,1
shelter_type,weather_shelter,13271,0.000442,17,0
historic,bomb_crater,13264,0.000441,17,0
air_conditioning,no,13254,0.000441,16,1
board_type,wildlife,13244,0.000441,16,1
leisure,fishing,13205,0.000439,17,0
payment:google_pay,yes,13117,0.000436,17,0
addr:state,MD,13106,0.000436,16,1
memorial,bust,13102,0.000436,17,0
archaeological_site,megalith,13033,0.000434,17,0
recycling:scrap_metal,yes,12944,0.000431,17,0
addr:country,DZ,12942,0.000431,17,0
board_type,plants,12889,0.000429,15,2
amenity,ticket_validator,12868,0.000428,15,2
denomination,theravada,12835,0.000427,17,0
object:country,DE,12779,0.000425,15,2
shop,lottery,12740,0.000424,16,1
socket:type2,1,12675,0.000422,17,0
board_type,welcome_sign,12654,0.000421,17,0
guidepost,hiking,12574,0.000418,15,2
access,permit,12570,0.000418,17,0
power_supply,yes,12540,0.000417,17,0
office,religion,12526,0.000417,17,0
payment:notes,no,12477,0.000415,16,1
shop,outdoor,12449,0.000414,17,0
amenity,compressed_air,12448,0.000414,17,0
addr:state,MA,12438,0.000414,15,2
addr:state,OR,12388,0.000412,17,0
material,brass,12356,0.000411,16,0
payment:girocard,yes,12354,0.000411,14,3
second_hand,yes,12347,0.000411,17,0
brand:wikipedia,ru:Пятёрочка,12334,0.00041,17,0
social_facility,assisted_living,12316,0.00041,17,0
office,architect,12294,0.000409,17,0
currency:USD,yes,12239,0.000407,17,0
shop,e-cigarette,12211,0.000406,16,0
shop,fabric,12183,0.000405,17,0
hunting_stand,raised_hide,12085,0.000402,16,1
surface,paving_stones,12080,0.000402,16,0
capacity,7,12067,0.000402,16,0
fuel:octane_92,yes,12065,0.000401,17,0
pump,manual,12047,0.000401,17,0
ruins,yes,11990,0.000399,17,0
payment:visa_debit,yes,11958,0.000398,16,1
noname,yes,11933,0.000397,16,1
shop,coffee,11929,0.000397,17,0
stars,3,11923,0.000397,17,0
denomination,sunni,11920,0.000397,17,0
colour:back,white,11832,0.000394,14,3
parking,layby,11819,0.000393,17,0
reservation,no,11819,0.000393,17,0
layer,1,11802,0.000393,16,0
shop,perfumery,11791,0.000392,16,1
addr:country,CL,11786,0.000392,17,0
highway,milestone,11771,0.000392,17,0
waste,mixed,11764,0.000391,17,0
tourism,caravan_site,11708,0.00039,17,0
shop,charity,11675,0.000388,17,0
diet:halal,yes,11611,0.000386,17,0
office,tax_advisor,11607,0.000386,17,0
ladder,yes,11553,0.000384,16,1
isced:level,2,11431,0.00038,17,0
boundary_name:cs,Česko-německá státní hranice,11338,0.000377,16,1
amenity,studio,11310,0.000376,17,0
addr:state,WI,11308,0.000376,17,0
brand:en,FamilyMart,11307,0.000376,16,1
operator:wikipedia,pl:InPost,11297,0.000376,15,2
operational_status,open,11261,0.000375,17,0
operator:wikidata,Q2397965,11257,0.000375,17,0
craft,metal_construction,11246,0.000374,17,0
addr:province,台灣省,11235,0.000374,17,0
post_office,post_partner,11201,0.000373,15,2
brand:wikipedia,en:Royal Mail,11196,0.000373,15,2
office,diplomatic,11185,0.000372,17,0
shop,antiques,11163,0.000371,17,0
social_facility,outreach,11159,0.000371,16,0
fountain,drinking,11121,0.00037,15,2
shop,hearing_aids,11117,0.00037,15,2
service:bicycle:tools,yes,11101,0.000369,17,0
capacity,15,11089,0.000369,15,2
recycling:organic,yes,11073,0.000368,15,2
amenity,mobile_money_agent,11072,0.000368,15,2
surface,concrete,11044,0.000367,17,0
colour:text,green,10998,0.000366,14,3
toilets:access,customers,10966,0.000365,17,0
recycling:batteries,yes,10930,0.000364,17,0
place,locality,10930,0.000364,17,0
shop,wholesale,10916,0.000363,17,0
payment:onchain,no,10899,0.000363,17,0
diet:vegan,no,10898,0.000363,15,2
motorcycle,yes,10898,0.000363,16,1
shelter_type,lean_to,10890,0.000362,17,0
board_type,public_transport,10863,0.000361,15,2
historic,mine_shaft,10839,0.000361,17,0
hairdresser,barber,10837,0.000361,16,1
smoking,yes,10811,0.00036,17,0
amenity,car_sharing,10797,0.000359,16,1
source:date,2014-05-07,10788,0.000359,15,2
vending,fuel,10785,0.000359,17,0
thc:designation,Historical Marker,10735,0.000357,17,0
denomination,orthodox,10716,0.000357,17,0
payment:onchain,yes,10632,0.000354,17,0
material,granite,10501,0.000349,15,2
addr:floor,G,10476,0.000349,17,0
addr:state,GA,10467,0.000348,16,1
information,terminal,10417,0.000347,17,0
organic,yes,10393,0.000346,17,0
amenity,prep_school,10390,0.000346,17,0
historic,mine,10390,0.000346,17,0
authentication:none,yes,10390,0.000346,15,2
entrance,main,10379,0.000345,16,0
organic,only,10374,0.000345,16,1
information,trail_blaze,10371,0.000345,15,2
craft,electrician,10320,0.000343,17,0
rental,city_bike,10262,0.000341,14,3
amenity,sanitary_dump_station,10234,0.000341,17,0
shop,agrarian,10231,0.00034,17,0
craft,tailor,10225,0.00034,17,0
addr:state,Tamil Nadu,10190,0.000339,17,0
nohousenumber,yes,10182,0.000339,17,0
guidepost,bicycle,10174,0.000339,15,2
fuel:e10,yes,10144,0.000338,16,1
brand:en,7-Eleven,10047,0.000334,14,3
addr:state,SC,9911,0.00033,16,1
leisure,sauna,9909,0.00033,17,0
amenity,food_court,9859,0.000328,17,0
payment:unionpay,yes,9849,0.000328,17,0
brand:ja,ファミリーマート,9827,0.000327,16,1
service:bicycle:retail,yes,9818,0.000327,15,0
capacity,18,9808,0.000326,15,2
access,no,9804,0.000326,17,0
office,advertising_agency,9770,0.000325,16,1
socket:chademo,1,9727,0.000324,16,1
royal_cypher,GR,9718,0.000323,15,2
brand:ja,セブン-イレブン,9702,0.000323,14,3
social_facility,nursing_home,9686,0.000322,15,2
colour,orange,9654,0.000321,16,1
craft,winery,9642,0.000321,17,0
official_name:en,Seven-Eleven,9613,0.00032,14,3
shop,motorcycle_repair,9605,0.00032,17,0
addr:province,BC,9559,0.000318,17,0
post_box:type,community,9540,0.000317,17,0
office,notary,9501,0.000316,17,0
recycling:food_waste,yes,9455,0.000315,15,0
post:state,IL,9452,0.000315,15,1
operator:wikidata,Q489815,9447,0.000314,14,3
addr:district,Fatih,9414,0.000313,14,2
office,financial,9342,0.000311,16,0
socket:type2_combo,1,9316,0.00031,16,1
service:vehicle:car_repair,yes,9304,0.00031,17,0
craft,shoemaker,9290,0.000309,17,0
shop,tea,9275,0.000309,17,0
bicycle_parking,shed,9211,0.000306,16,1
seats:separated,no,9209,0.000306,16,1
addr:state,MN,9178,0.000305,17,0
diet:halal,no,9169,0.000305,16,0
addr:state,Maharashtra,9149,0.000304,17,0
amenity,music_school,9136,0.000304,17,0
format,squared_stone,9109,0.000303,15,2
shop,craft,9082,0.000302,17,0
payment:telephone_cards,yes,9077,0.000302,17,0
shop,money_lender,9067,0.000302,17,0
shop,electrical,9051,0.000301,17,0
addr:province,Lima,9037,0.000301,15,2
capacity,30,9021,0.0003,17,0
stroller,yes,9018,0.0003,16,1
seats,8,9002,0.0003,16,1
healthcare,psychotherapist,8980,0.000299,14,3
education,kindergarten,8959,0.000298,17,0
seamark:type,harbour,8958,0.000298,17,0
clothes,underwear,8957,0.000298,15,2
automated,yes,8943,0.000298,17,0
female,no,8913,0.000297,16,0
hide,no,8896,0.000296,15,2
diet:kosher,no,8894,0.000296,16,0
addr:state,کوردستان,8890,0.000296,16,0
shop,appliance,8890,0.000296,16,1
addr:state,Karnataka,8889,0.000296,17,0
craft,plumber,8887,0.000296,16,0
hide,yes,8847,0.000294,15,2
shop,gas,8798,0.000293,17,0
addr:country,FR,8798,0.000293,15,0
sport,swimming,8795,0.000293,17,0
shop,telecommunication,8787,0.000292,16,0
addr:contact,yes,8740,0.000291,16,1
historic,milestone,8727,0.00029,16,1
tourism,wilderness_hut,8689,0.000289,17,0
ski,yes,8671,0.000289,17,0
amenity,weighbridge,8663,0.000288,17,0
shop,pet_grooming,8658,0.000288,17,0
post:city,Springfield,8653,0.000288,15,1
restaurant,no,8617,0.000287,17,0
archaeological_site,fortification,8611,0.000287,17,0
amenity,language_school,8596,0.000286,16,0
parcel_locker:type,cabinet,8574,0.000285,16,0
shop,bag,8561,0.000285,16,1
collection_times,Mo-Sa 08:00,8544,0.000284,14,3
toilets:num_chambers,1,8509,0.000283,15,0
amenity,trolley_bay,8488,0.000282,15,2
payment:cryptocurrencies,no,8471,0.000282,15,2
leisure,dance,8468,0.000282,16,0
building,bunker,8453,0.000281,17,0
addr:province,QC,8438,0.000281,16,0
artwork_type,bust,8429,0.00028,17,0
craft,caterer,8427,0.00028,15,1
dispensing,no,8415,0.00028,15,2
payment:cheque,yes,8400,0.00028,17,0
board_type,geology,8393,0.000279,17,0
hgv,yes,8393,0.000279,17,0
artwork_type,graffiti,8388,0.000279,16,1
royal_cypher:wikidata,Q33102273,8386,0.000279,15,2
recycling:cartons,yes,8369,0.000278,15,2
male,no,8368,0.000278,16,0
swimming_pool,personal,8343,0.000278,14,2
amenity,vacuum_cleaner,8316,0.000277,15,2
craft,hvac,8264,0.000275,16,0
denomination,methodist,8251,0.000275,17,0
hgv,no,8241,0.000274,17,0
currency:others,no,8239,0.000274,15,1
building,chapel,8235,0.000274,17,0
material,sandstone,8214,0.000273,14,3
seamark:harbour:category,marina,8212,0.000273,17,0
addr:state,Uttar Pradesh,8189,0.000272,17,0
brand:en,Pyaterochka,8186,0.000272,17,0
addr:state,Rajasthan,8122,0.00027,17,0
diet:gluten_free,yes,8113,0.00027,15,2
shop,storage_rental,8089,0.000269,17,0
direction,180,8083,0.000269,17,0
amenity,money_transfer,8075,0.000269,17,0
addr:state,Gujarat,7998,0.000266,17,0
capacity,9,7968,0.000265,16,0
power_supply,no,7966,0.000265,17,0
addr:state,IN,7957,0.000265,16,1
capacity,24,7956,0.000265,15,2
service:vehicle:tyres,yes,7951,0.000265,16,1
colour,silver,7947,0.000264,14,3
operator:wikidata,Q495026,7924,0.000264,16,0
shop,baby_goods,7917,0.000263,17,0
boundary,marker,7904,0.000263,16,1
bicycle_parking,safe_loops,7885,0.000262,16,0
addr:floor,2,7855,0.000261,16,1
post_office,post_annex,7828,0.00026,16,1
operator:wikidata,Q1502763,7779,0.000259,17,0
shop,musical_instrument,7766,0.000258,15,2
toilets:position,seated,7760,0.000258,17,0
level,-2,7751,0.000258,13,4
shop,boutique,7742,0.000258,16,1
attraction,animal,7739,0.000258,16,1
man_made,survey_point,7725,0.000257,17,0
takeaway,no,7723,0.000257,17,0
surface,grass,7712,0.000257,16,0
natural,tree,7709,0.000257,17,0
cemetery,grave,7709,0.000257,17,0
diet:vegetarian,no,7709,0.000257,17,0
maxheight,2,7706,0.000256,15,1
hunting_stand,grouse_butt,7679,0.000256,13,1
visibility,street,7646,0.000254,14,3
automated,no,7646,0.000254,16,1
bicycle_rental,dropoff_point,7645,0.000254,13,4
socket:type2_combo,2,7618,0.000253,17,0
shop,dairy,7595,0.000253,16,1
contact:city,Paris,7594,0.000253,10,7
booth,K6,7589,0.000253,16,1
material:de,Messing,7529,0.000251,14,3
building,mosque,7518,0.00025,17,0
disused,yes,7505,0.00025,17,0
horse,yes,7486,0.000249,16,1
addr:district,Municipiul Chișinău,7425,0.000247,13,4
payment:mastercard_contactless,yes,7419,0.000247,17,0
pump,no,7418,0.000247,17,0
heritage,4,7391,0.000246,16,1
payment:electronic_purses,no,7349,0.000245,16,1
memorial,sculpture,7338,0.000244,16,0
bicycle_parking,wide_stands,7335,0.000244,14,2
amenity,nursing_home,7314,0.000243,17,0
emergency,yes,7303,0.000243,17,0
surface,unpaved,7297,0.000243,17,0
craft,window_construction,7295,0.000243,16,1
brand:wikipedia,fr:La Poste (entreprise française),7282,0.000242,16,1
addr:state,UT,7273,0.000242,16,1
shop,fashion_accessories,7228,0.000241,15,1
surface,paved,7206,0.00024,17,0
leisure,resort,7197,0.000239,17,0
toilets:position,seated;urinal,7179,0.000239,16,0
school:FR,primaire,7171,0.000239,16,1
shop,chocolate,7123,0.000237,16,1
male:signed,no,7109,0.000237,15,1
female:signed,no,7108,0.000237,15,1
dump:official,no,7076,0.000235,12,5
amenity,public_building,7071,0.000235,17,0
amenity,vehicle_inspection,7071,0.000235,17,0
amenity,waste_dump_site,7066,0.000235,13,0
bicycle_parking,wave,7044,0.000234,16,1
shop,health_food,7029,0.000234,17,0
atm,no,7015,0.000233,17,0
clothes,men,7009,0.000233,16,0
addr:country,CZ,7002,0.000233,15,2
openfire,yes,6993,0.000233,17,0
cash_out,yes,6993,0.000233,16,0
craft,brewery,6991,0.000233,17,0
heritage:operator,mhs,6972,0.000232,15,2
denomination,pentecostal,6955,0.000231,17,0
caravans,no,6953,0.000231,17,0
tourism,alpine_hut,6950,0.000231,17,0
project:opencities_abidjan,yes,6924,0.00023,13,3
payment:electronic_purses,yes,6923,0.00023,15,2
socket:type2:output,11 kW,6920,0.00023,14,3
addr:country,ZA,6914,0.00023,17,0
shop,music,6911,0.00023,16,1
amenity,dojo,6890,0.000229,17,0
bunker_type,pillbox,6881,0.000229,16,0
toilets:position,squat,6861,0.000228,16,0
office,consulting,6861,0.000228,15,2
capacity,50,6854,0.000228,17,0
stars,4,6817,0.000227,17,0
operator:wikidata,Q205012,6782,0.000226,17,0
visibility,area,6776,0.000225,15,2
amenity,health_post,6773,0.000225,17,0
addr:state,CT,6769,0.000225,16,1
brand:en,Magnit,6765,0.000225,17,0
office,financial_advisor,6753,0.000225,17,0
guest_house,bed_and_breakfast,6751,0.000225,16,1
addr:state,MO,6731,0.000224,17,0
addr:state,Punjab,6707,0.000223,17,0
picnic_table,yes,6705,0.000223,17,0
natural,spring,6700,0.000223,17,0
addr:state,TN,6693,0.000223,16,1
addr:country,RU,6672,0.000222,17,0
leisure,amusement_arcade,6671,0.000222,17,0
operator:wikidata,Q25454926,6660,0.000222,15,2
emergency,no,6656,0.000221,17,0
office,research,6651,0.000221,17,0
second_hand,no,6649,0.000221,16,0
direction,90,6641,0.000221,17,0
building,church,6638,0.000221,17,0
operator:wikidata,Q5921598,6633,0.000221,15,2
addr:district,Arua,6609,0.00022,15,2
level,4,6601,0.00022,14,3
office,logistics,6594,0.000219,15,2
war_memorial,yes,6589,0.000219,16,1
boundary_name:cs,Česko-rakouská státní hranice,6586,0.000219,15,2
fuel:GTL_diesel,yes,6576,0.000219,17,0
addr:province,경기도,6521,0.000217,15,2
KSJ2:PubFacAdmin,都道府県,6497,0.000216,16,1
min_age,18,6487,0.000216,16,1
name:pl,Żabka,6472,0.000215,15,2
capacity,40,6461,0.000215,16,0
isced:level,1;2,6461,0.000215,17,0
brand:en,Sberbank,6459,0.000215,16,1
shop,cheese,6459,0.000215,16,0
brand:ru,Сбербанк,6456,0.000215,16,1
height,5,6438,0.000214,16,1
addr:state,Bihar,6405,0.000213,17,0
currency:JPY,yes,6402,0.000213,16,1
support,wall,6390,0.000213,15,2
office,political_party,6369,0.000212,17,0
government,public_service,6361,0.000212,17,0
board_type,information,6355,0.000211,16,1
heritage,yes,6312,0.00021,16,1
diplomatic,embassy,6311,0.00021,16,0
direction,270,6299,0.00021,16,1
leisure,beach_resort,6298,0.00021,17,0
addr:province,北海道,6297,0.00021,17,0
swimming_pool,outdoor,6294,0.000209,15,2
denomination,lutheran,6286,0.000209,17,0
addr:block_number,1,6283,0.000209,15,1
fuel:cng,yes,6283,0.000209,16,1
addr:district,Zanzibar Urban,6259,0.000208,12,3
brand:wikipedia,en:Subway (restaurant),6244,0.000208,16,1
addr:region,Zanzibar Urban West Region,6243,0.000208,12,3
brand:en,7-ELEVEN,6227,0.000207,14,3
amenity,social_centre,6220,0.000207,17,0
memorial,obelisk,6213,0.000207,17,0
addr:state,Andhra Pradesh,6205,0.000206,17,0
recycling:clothes,no,6202,0.000206,14,3
addr:province,神奈川県,6188,0.000206,13,4
man_made,tower,6181,0.000206,17,0
seasonal,yes,6142,0.000204,17,0
craft,handicraft,6141,0.000204,17,0
shop,cannabis,6120,0.000204,17,0
addr:state,NSW,6120,0.000204,17,0
brand:wikipedia,ru:Магнит (сеть магазинов),6119,0.000204,16,1
addr:state,IA,6104,0.000203,16,1
operator:wikipedia,en:Canada Post,6093,0.000203,17,0
fast_food,cafeteria,6092,0.000203,16,1
operator:type,religious,6091,0.000203,17,0
sport,yoga,6084,0.000202,16,1
payment:lightning:operator,square,6067,0.000202,17,0
shop,nutrition_supplements,6058,0.000202,16,1
clothes,children,6047,0.000201,17,0
addr:province,大阪府,6026,0.000201,14,3
parking,yes,6000,0.0002,17,0
craft,dressmaker,5997,0.0002,16,0
shop,rental,5996,0.0002,15,0
addr:province,제주특별자치도,5996,0.0002,17,0
shop,watches,5969,0.000199,15,2
healthcare:speciality,chiropractic,5956,0.000198,16,0
brand:en,LAWSON,5942,0.000198,14,3
height,3,5924,0.000197,15,2
historic,cannon,5921,0.000197,17,0
sport,chess,5918,0.000197,14,3
fuel,wood,5898,0.000196,16,0
shop,locksmith,5896,0.000196,16,0
scooter,no,5882,0.000196,17,0
shop,carpet,5880,0.000196,16,0
historic,aircraft,5863,0.000195,17,0
amenity,feeding_place,5863,0.000195,16,1
dance:teaching,yes,5858,0.000195,14,3
building:levels,1,5858,0.000195,17,0
name:pa,ਆਂਗਣਵਾੜੀ,5820,0.000194,15,2
name:ur,آنگن واڑی,5820,0.000194,15,2
material,marble,5798,0.000193,15,2
surface,gravel,5791,0.000193,17,0
bicycle_parking,lockers,5791,0.000193,15,0
booth,KX100,5786,0.000193,16,1
shop,sewing,5779,0.000192,16,1
payment:others,no,5774,0.000192,15,2
marker,stone,5773,0.000192,16,1
addr:municipality,Ilala,5764,0.000192,13,4
recycling:cooking_oil,yes,5748,0.000191,15,2
public_transport,platform,5747,0.000191,16,0
capacity,1.1,5738,0.000191,14,3
brand:website,https://docomo-cycle.jp/,5737,0.000191,16,0
gbfs:system_id,docomo-cycle,5737,0.000191,16,0
brand:ja,ドコモ・バイクシェア,5732,0.000191,16,0
name:pnb,آنگن واڑی,5720,0.00019,15,2
brand:ur,آنگن واڑی,5718,0.00019,15,2
brand:pa,ਆਂਗਣਵਾੜੀ,5718,0.00019,15,2
brand:pnb,آنگن واڑی,5716,0.00019,15,2
dog,yes,5715,0.00019,16,1
brand:hi,आँगनवाडी,5715,0.00019,15,2
supervised,yes,5714,0.00019,16,0
shop,fishing,5712,0.00019,17,0
smoking,separated,5712,0.00019,17,0
currency:RUB,yes,5711,0.00019,17,0
public_transport,stop_position,5698,0.00019,17,0
network,Airtel Money;MTN Mobile Money,5690,0.000189,15,2
operator:wikidata,Q703557,5681,0.000189,13,4
fuel,charcoal,5674,0.000189,16,1
post_box:mounting,pier,5659,0.000188,15,2
shop,grocery,5659,0.000188,17,0
addr:country,FI,5654,0.000188,17,0
addr:country,UY,5649,0.000188,17,0
addr:country,GR,5623,0.000187,16,1
payment:membership_card,yes,5620,0.000187,15,2
park_ride,no,5601,0.000186,16,1
maxstay,unlimited,5598,0.000186,15,2
amenity,biergarten,5581,0.000186,17,0
brand:ja,ローソン,5566,0.000185,14,3
shop,bathroom_furnishing,5554,0.000185,16,0
shop,video_games,5528,0.000184,17,0
amenity,public_bath,5524,0.000184,17,0
addr:district,Yumbe,5515,0.000184,16,0
amenity,monastery,5503,0.000183,17,0
tourism,yes,5499,0.000183,17,0
diet:meat,yes,5495,0.000183,17,0
support,ground,5485,0.000183,15,0
service:bicycle:stand,yes,5481,0.000182,14,3
waste,trash;cigarettes,5478,0.000182,15,0
brewery,yes,5462,0.000182,16,1
food,yes,5435,0.000181,15,2
parking,lane,5428,0.000181,17,0
public_bookcase:type,wooden_cabinet,5404,0.00018,15,1
addr:municipality,Nyamagana,5403,0.00018,13,4
level,0;1,5394,0.000179,14,3
portable,yes,5381,0.000179,16,1
microbrewery,yes,5380,0.000179,15,2
recycling:paper,no,5368,0.000179,14,3
addr:state,VIC,5358,0.000178,17,0
fuel:octane_91,yes,5355,0.000178,17,0
refrigerated,no,5337,0.000178,14,3
source:name,logic_undp,5336,0.000178,17,0
tobacco,yes,5318,0.000177,16,1
addr:province,Québec,5309,0.000177,17,0
operator:type,ngo,5309,0.000177,17,0
denomination,evangelical,5299,0.000176,17,0
sport,baseball,5297,0.000176,16,0
authentication:none,no,5282,0.000176,15,2
socket:typee,2,5282,0.000176,15,2
vending,food,5278,0.000176,16,0
height,2,5274,0.000175,17,0
highway,bus_stop,5267,0.000175,17,0
operator:wikipedia,cs:Česká pošta,5252,0.000175,14,3
shop,curtain,5238,0.000174,17,0
leisure,adult_gaming_centre,5232,0.000174,17,0
location,indoor,5229,0.000174,16,0
created_by,JOSM,5224,0.000174,17,0
direction,0,5219,0.000174,16,1
wheelchair,designated,5219,0.000174,17,0
payment:mastercard_electronic,yes,5196,0.000173,17,0
addr:province,پارێزگای هەولێر,5188,0.000173,14,2
brand:wikipedia,en:McDonald's,5182,0.000172,16,1
source:date,2012,5168,0.000172,17,0
denomination,protestant,5168,0.000172,17,0
diet:vegetarian,only,5156,0.000172,16,1
raised,yes,5155,0.000172,15,2
sport,climbing,5154,0.000172,17,0
healthcare,optometrist,5131,0.000171,15,2
operator:wikidata,Q478214,5127,0.000171,17,0
addr:state,NM,5122,0.00017,17,0
socket:chademo:output,50 kW,5121,0.00017,16,1
amenity,boat_rental,5114,0.00017,16,1
addr:state,AL,5112,0.00017,16,1
amenity,casino,5110,0.00017,16,1
amenity,chair,5099,0.00017,14,1
healthcare:speciality,ophthalmology,5094,0.00017,15,2
leisure,horse_riding,5089,0.000169,15,1
megalith_type,menhir,5085,0.000169,17,0
capacity,22,5081,0.000169,14,3
operator:wikidata,Q5412010,5045,0.000168,14,3
amenity,food,5042,0.000168,14,3
addr:state,KS,5039,0.000168,17,0
office,newspaper,5034,0.000168,17,0
lockable,yes,5016,0.000167,16,1
embassy,yes,5009,0.000167,16,0
motorcar,no,5007,0.000167,15,2
drink:coffee,yes,5001,0.000166,15,2
barrier,gate,4985,0.000166,17,0
craft,confectionery,4976,0.000166,16,1
service:bicycle:chain_tool,no,4973,0.000165,14,3
two_sided,no,4970,0.000165,15,0
addr:district,شارۆچکەی ناوەندیی هەولێر,4963,0.000165,14,2
shop,herbalist,4955,0.000165,14,3
vending,coffee,4949,0.000165,16,1
office,energy_supplier,4945,0.000165,17,0
operator:wikipedia,ru:Почта России,4941,0.000164,17,0
sport,multi,4939,0.000164,16,0
highway,street_lamp,4938,0.000164,14,3
bench,no,4936,0.000164,16,1
material,wood;metal,4915,0.000164,15,2
service:vehicle:oil_change,yes,4912,0.000163,17,0
height,4,4911,0.000163,16,1
sport,soccer,4907,0.000163,16,1
addr:province,宮城県,4895,0.000163,15,0
internet_access:fee,yes,4890,0.000163,17,0
government,register_office,4890,0.000163,17,0
royal_cypher,no,4882,0.000162,17,0
addr:province,Ontario,4880,0.000162,17,0
brand:en,McDonald's,4874,0.000162,17,0
source:opening_hours,website,4854,0.000162,15,2
leisure,nature_reserve,4854,0.000162,17,0
recycling:metal_packaging,yes,4853,0.000161,16,0
authentication:nfc,yes,4850,0.000161,15,2
office,property_management,4845,0.000161,15,0
school:FR,maternelle,4838,0.000161,14,3
addr:country,PL,4833,0.000161,14,3
isced:level,0;1;2,4821,0.00016,17,0
drink:cola,yes,4820,0.00016,16,1
addr:community,Nima,4816,0.00016,13,0
reservation,required,4813,0.00016,17,0
shop,repair,4774,0.000159,17,0
shop,lighting,4765,0.000159,17,0
beauty,tanning,4755,0.000158,16,0
self_service,only,4754,0.000158,17,0
heritage,3,4748,0.000158,15,2
craft,painter,4736,0.000158,14,3
date,no,4720,0.000157,14,3
bottle,no,4717,0.000157,16,1
dog,no,4716,0.000157,16,0
bicycle_parking,building,4714,0.000157,17,0
brand:en,YouBike 2.0,4699,0.000156,14,3
stars,2,4694,0.000156,16,1
flood_prone,no,4682,0.000156,17,0
addr:country,NL,4680,0.000156,15,2
vending_machine,fuel,4676,0.000156,15,2
royal_cypher,GVIR,4674,0.000156,15,2
motorcar,designated,4670,0.000155,17,0
amenity,game_feeding,4666,0.000155,15,2
leisure,bird_hide,4664,0.000155,17,0
operator:wikidata,Q17077936,4655,0.000155,13,4
source:date,2013-11-26,4644,0.000155,13,4
fuel:octane_100,yes,4642,0.000154,16,1
operator:wikidata,Q29467091,4640,0.000154,17,0
operator:wikidata,Q776605,4635,0.000154,15,2
addr:state,NV,4629,0.000154,17,0
clothes,wedding,4626,0.000154,15,2
fuel:HGV_diesel,yes,4622,0.000154,17,0
addr:state,Antioquia,4621,0.000154,17,0
reservation,recommended,4618,0.000154,17,0
smoothness,good,4616,0.000154,15,2
craft,joiner,4613,0.000153,14,3
operator:wikidata,Q1142936,4612,0.000153,17,0
recycling:plastic_packaging,no,4605,0.000153,14,3
toilets:disposal,chemical,4592,0.000153,17,0
shop,hifi,4592,0.000153,16,1
amenity,photo_booth,4592,0.000153,14,1
admin_level,10,4591,0.000153,17,0
shelter_type,basic_hut,4585,0.000153,17,0
man_made,telephone_box,4573,0.000152,16,1
capacity,3.2,4558,0.000152,12,5
frequency,0,4557,0.000152,17,0
informal,yes,4542,0.000151,17,0
recycling:cans,no,4541,0.000151,14,3
fountain,decorative,4536,0.000151,16,1
bus,no,4533,0.000151,17,0
healthcare,podiatrist,4531,0.000151,14,2
addr:state,ME,4527,0.000151,17,0
addr:country,AM,4521,0.00015,15,1
fireplace,no,4517,0.00015,17,0
office,coworking,4516,0.00015,16,1
office,travel_agent,4510,0.00015,16,1
recycling:books,yes,4504,0.00015,14,3
guide_type,destination,4504,0.00015,15,2
healthcare:speciality,gynaecology,4500,0.00015,14,2
payment:v_pay,yes,4498,0.00015,14,0
shop,doors,4489,0.000149,15,2
shelter_type,sun_shelter,4488,0.000149,16,0
disabled,designated,4488,0.000149,14,3
capacity,11,4488,0.000149,16,0
operator:en,Canada Post,4486,0.000149,17,0
healthcare:speciality,dentist,4486,0.000149,16,1
display,sundial,4484,0.000149,16,0
created_by,Potlatch 0.10f,4483,0.000149,16,1
operator:fr,Postes Canada,4482,0.000149,17,0
brand:zh,微笑單車2.0,4471,0.000149,13,4
amenity,smoking_area,4469,0.000149,17,0
craft,glaziery,4465,0.000149,14,3
addr:state,Maharastra,4442,0.000148,17,0
maxheight,2.1,4436,0.000148,13,4
sport,tennis,4433,0.000148,16,0
operational_status,ok,4407,0.000147,17,0
office,engineer,4401,0.000146,15,1
contact:vk,https://vk.com/russianpost,4395,0.000146,17,0
currency:GEL,yes,4393,0.000146,14,3
socket:type2:voltage,400,4391,0.000146,15,2
payment:none,yes,4388,0.000146,14,3
historic,stone,4388,0.000146,17,0
support,tree,4384,0.000146,14,3
amenity,training,4377,0.000146,17,0
addr:province,埼玉県,4374,0.000146,13,4
megalith_type,dolmen,4365,0.000145,16,0
operator:type,business,4365,0.000145,16,0
addr:state,LA,4355,0.000145,17,0
addr:municipality,Kinondoni,4347,0.000145,12,5
brand:en,Starbucks,4334,0.000144,16,0
addr:state,NE,4334,0.000144,17,0
waste,cigarettes;trash,4333,0.000144,14,3
vending,sweets,4331,0.000144,14,3
healthcare:speciality,paediatrics,4329,0.000144,15,1
contact:vk,https://vk.com/sberbank,4321,0.000144,16,1
socket:type2_combo:output,50 kW,4314,0.000144,16,0
diplomatic,consulate,4303,0.000143,16,0
addr:state,AR,4303,0.000143,16,1
highway,emergency_access_point,4298,0.000143,14,3
craft,gardener,4289,0.000143,16,1
amenity,gambling,4263,0.000142,14,3
socket:type2:current,32,4250,0.000141,15,2
material,limestone,4248,0.000141,15,1
hot_water,no,4244,0.000141,17,0
memorial:conflict,WW2,4243,0.000141,15,2
medical_system:western,yes,4243,0.000141,17,0
addr:province,ON,4242,0.000141,16,1
toilets:number,0,4240,0.000141,17,0
leisure,sports_hall,4238,0.000141,17,0
addr:district,Ilala,4235,0.000141,13,4
denomination,greek_orthodox,4223,0.000141,16,1
surface,wood,4214,0.00014,16,0
faces,1,4212,0.00014,15,2
compressed_air,no,4210,0.00014,17,0
isced:level,0;1,4210,0.00014,17,0
KSJ2:PubFacAdmin,その他,4203,0.00014,17,0
foot,yes,4198,0.00014,16,1
network,rcn,4198,0.00014,16,1
shop,shoe_repair,4195,0.00014,15,2
social_facility,ambulatory_care,4184,0.000139,14,1
public_bookcase:type,phone_box,4177,0.000139,16,1
fuel:adblue,yes,4169,0.000139,16,1
highchair,yes,4169,0.000139,15,2
townhall:type,village,4167,0.000139,17,0
abandoned,yes,4162,0.000138,17,0
source:date,2018-02-23,4158,0.000138,16,0
network,Mobi.E,4157,0.000138,15,2
craft,builder,4155,0.000138,15,0
craft,key_cutter,4151,0.000138,14,3
recycling:aluminium,yes,4131,0.000137,15,2
shop,erotic,4128,0.000137,17,0
bicycle_parking,floor,4120,0.000137,13,4
brand:wikipedia,de:Packstation,4110,0.000137,13,3
maxheight,below_default,4081,0.000136,12,5
water_point,yes,4079,0.000136,16,1
school:gender,mixed,4067,0.000135,16,1
addr:state,QLD,4058,0.000135,17,0
smoking,isolated,4057,0.000135,16,0
addr:country,RO,4051,0.000135,15,2
max_age,5,4047,0.000135,15,2
trade,building_supplies,4043,0.000135,17,0
public_bookcase:type,reading_box,4042,0.000134,14,3
collection_times,Mo-Fr 17:00,4041,0.000134,15,2
addr:state,KY,4035,0.000134,16,1
network:wikidata,Q20687952,4034,0.000134,13,4
school:FR,élémentaire,4033,0.000134,16,1
shower,yes,4027,0.000134,17,0
network,Stolpersteine Hamburg,4023,0.000134,11,6
check_date,2025-07-11,4021,0.000134,15,2
object:city,Berlin,4012,0.000134,12,2
language:ka,yes,4008,0.000133,14,3
support,post,3999,0.000133,16,1
entrance,service,3994,0.000133,15,2
royal_cypher:wikidata,Q33102169,3994,0.000133,14,3
vending,water,3992,0.000133,15,2
payment:mir,yes,3984,0.000133,16,1
education,driving_school,3981,0.000132,14,3
repair,yes,3970,0.000132,16,0
surface,ground,3969,0.000132,17,0
operator:wikipedia,de:DHL,3957,0.000132,13,3
smoothness,excellent,3935,0.000131,15,1
contact:ok,https://ok.ru/sberbank,3920,0.00013,16,1
source_ref,https://www.openstreetmap.org/user/aHaSaN/diary,3909,0.00013,17,0
addr:country,BE,3903,0.00013,14,3
direction,S,3891,0.000129,16,1
addr:country,UG,3890,0.000129,16,1
shop,frozen_food,3884,0.000129,16,0
service:bicycle:rental,yes,3884,0.000129,14,3
shop,estate_agent,3882,0.000129,15,2
addr:county,Aringa,3875,0.000129,16,0
addr:province,千葉県,3869,0.000129,15,2
capacity,25,3867,0.000129,16,0
socket:type2:output,22,3865,0.000129,16,1
royal_cypher,scottish_crown,3861,0.000128,17,0
outdoor_seating,sidewalk,3851,0.000128,13,4
craft,stonemason,3848,0.000128,15,2
drink:wine,yes,3847,0.000128,13,4
amenity,fixme,3846,0.000128,16,0
craft,roofer,3844,0.000128,15,2
brand:en,Coca-Cola,3842,0.000128,16,1
brand:wikipedia,en:Starbucks,3842,0.000128,13,4
brand:ja,コカ・コーラ,3839,0.000128,16,1
shop,party,3831,0.000127,14,2
faces,2,3826,0.000127,13,4
denomination,presbyterian,3823,0.000127,16,1
listed_status,Grade II,3823,0.000127,15,2
addr:state,West Bengal,3819,0.000127,17,0
addr:country,PT,3818,0.000127,16,0
isced:level,3,3809,0.000127,17,0
shop,tiles,3806,0.000127,16,0
shop,water,3800,0.000126,17,0
addr:country,BY,3791,0.000126,14,2
contact:youtube,https://www.youtube.com/sberbank,3788,0.000126,16,1
brand:en,KFC,3781,0.000126,17,0
brand:wikipedia,en:KFC,3770,0.000125,16,0
operator:wikipedia,ru:Сбербанк России,3767,0.000125,17,0
addr:district,Kinondoni,3766,0.000125,13,4
craft,upholsterer,3764,0.000125,16,1
operator:wikidata,Q614803,3760,0.000125,14,3
government,tax,3760,0.000125,15,2
service,repair,3756,0.000125,16,0
addr:country,UZ,3751,0.000125,17,0
craft,sawmill,3743,0.000125,17,0
contact:housenumber,1,3738,0.000124,13,4
orientation,perpendicular,3736,0.000124,16,1
vending,newspapers,3736,0.000124,15,2
operational_status_quality,confirmed,3731,0.000124,17,0
brand:en,PrivatBank,3721,0.000124,16,1
historic,wreck,3716,0.000124,17,0
addr:district,Bandırma,3709,0.000123,14,0
seats,10,3707,0.000123,15,2
check_date,2024-07-11,3705,0.000123,15,2
brand:website,https://www.cvs.com/,3704,0.000123,16,1
brand:wikipedia,en:Royal Dutch Shell,3700,0.000123,17,0
payment:qr_code,no,3698,0.000123,14,3
craft,cleaning,3693,0.000123,15,0
network:wikidata,Q17089620,3687,0.000123,17,0
shop,frame,3684,0.000123,15,2
language:de,yes,3672,0.000122,14,2
drinking_water:seasonal,no,3668,0.000122,17,0
operator:fr,La Poste,3665,0.000122,14,3
operator:it,La Posta,3664,0.000122,14,3
waste,recycling,3664,0.000122,15,1
memorial:conflict,WW1;WW2,3663,0.000122,17,0
operator:de,Die Post,3662,0.000122,14,3
network:website,https://www.tesla.com/supercharger,3660,0.000122,17,0
operator:en,Swiss Post,3660,0.000122,14,3
shop,flooring,3659,0.000122,17,0
historic,city_gate,3658,0.000122,17,0
addr:state,Madhya Pradesh,3657,0.000122,17,0
brand:website,https://www.tesla.com/supercharger,3655,0.000122,17,0
ref:category,I-1,3644,0.000121,17,0
office,therapist,3642,0.000121,15,1
museum,history,3641,0.000121,17,0
royal_cypher,VR,3639,0.000121,15,2
payment:paypal,yes,3637,0.000121,16,1
leisure,stadium,3633,0.000121,17,0
payment:ep_geldkarte,yes,3632,0.000121,13,4
hot_water,yes,3631,0.000121,17,0
addr:region,Qaraqalpaqstan Respublikası,3609,0.00012,17,0
contact:housenumber,2,3597,0.00012,14,3
natural,peak,3590,0.000119,17,0
addr:block_number,2,3588,0.000119,14,3
building,wayside_shrine,3585,0.000119,15,2
collection_times,Mo-Fr 09:00; Sa 07:00; Su off,3576,0.000119,15,2
check_date,2026-04-11,3572,0.000119,15,2
drink:beer,yes,3572,0.000119,14,3
bicycle_parking,anchors,3557,0.000118,14,2
vending,bottle_return,3556,0.000118,15,1
capacity,100,3549,0.000118,16,1
material,metal;wood,3546,0.000118,13,2
amenity,dressing_room,3545,0.000118,16,1
brand:wikipedia,en:YouBike,3538,0.000118,12,5
check_date,2026-03-22,3536,0.000118,15,2
shower,no,3528,0.000117,17,0
government,yes,3527,0.000117,17,0
social_facility,food_bank,3524,0.000117,15,2
brand:wikipedia,pl:Żabka (sieć sklepów),3524,0.000117,15,2
bar,no,3521,0.000117,17,0
operator:wikidata,Q2469733,3517,0.000117,14,3
locked,yes,3509,0.000117,14,3
addr:district,Zombo,3507,0.000117,17,0
seamark:type,small_craft_facility,3507,0.000117,16,0
maxstay,no,3506,0.000117,17,0
min_age,1,3499,0.000116,16,0
brand:en,Bank of Georgia,3498,0.000116,14,3
brand:wikipedia,nl:Geldmaat,3497,0.000116,15,2
brand:ru,Банк Грузии,3497,0.000116,14,3
brand:tr,Gürcistan Bankası,3496,0.000116,14,3
brand:wikipedia,ru:Почта России,3495,0.000116,17,0
historic,building,3491,0.000116,16,1
shop,hairdresser_supply,3472,0.000116,15,1
man_made,charge_point,3462,0.000115,14,3
brand:ka,საქართველოს ბანკი,3460,0.000115,14,3
heritage:operator,bda,3460,0.000115,14,3
addr:city:ru,Минск,3459,0.000115,12,2
direction,W,3457,0.000115,15,2
check_date,2026-02-28,3457,0.000115,15,2
government,legislative,3452,0.000115,17,0
collection_times,Mo-Sa 08:30,3451,0.000115,15,2
recycling:PET,yes,3444,0.000115,14,3
leisure,bathing_place,3443,0.000115,17,0
surface,sand,3439,0.000114,17,0
religion,taoist,3437,0.000114,17,0
office,foundation,3436,0.000114,16,1
layer,-2,3435,0.000114,12,5
healthcare:speciality,orthodontics,3433,0.000114,15,0
brand:ru,Пятёрочка,3431,0.000114,17,0
healthcare,counselling,3430,0.000114,14,3
amenity,lavoir,3429,0.000114,17,0
post:postcode,62711,3425,0.000114,14,2
studio,radio,3425,0.000114,17,0
level,5,3425,0.000114,15,1
direction,200,3421,0.000114,16,0
diet:vegan,only,3408,0.000113,14,3
leisure,dog_park,3407,0.000113,16,1
addr:country,BR,3405,0.000113,16,1
brand:wikipedia,es:Correos (España),3404,0.000113,15,2
vending,condoms,3403,0.000113,14,1
check_date,2026-04-04,3394,0.000113,14,3
check_date,2026-03-15,3393,0.000113,15,2
preschool,yes,3387,0.000113,16,1
tourism,theme_park,3382,0.000113,17,0
static_caravans,no,3382,0.000113,17,0
historic:civilization,medieval,3381,0.000113,17,0
seamark:type,wreck,3379,0.000112,17,0
microbrewery,no,3378,0.000112,16,0
format,disk,3374,0.000112,17,0
check_date,2026-03-21,3367,0.000112,16,0
brand:wikipedia,ja:ローソン,3366,0.000112,14,3
fitness_station,horizontal_bar,3365,0.000112,16,1
height,1,3356,0.000112,16,1
healthcare:speciality,dermatology,3356,0.000112,15,2
payment:lightning_contactless,yes,3356,0.000112,17,0
addr:state,DC,3348,0.000111,13,4
operator:rm,La Posta,3344,0.000111,14,3
check_date,2026-03-29,3343,0.000111,16,1
operator:en,Chunghwa Post,3342,0.000111,14,3
shop,video,3341,0.000111,15,0
operator:zh,中華郵政,3339,0.000111,14,3
operator:wikidata,Q721162,3338,0.000111,17,0
map_type,toposcope,3335,0.000111,15,2
operator:wikidata,Q709259,3333,0.000111,14,3
fuel:lpg,no,3333,0.000111,17,0
operator:nan,Tiong-hôa Iû-chèng,3331,0.000111,14,3
operator:nan-Latn-tailo,Tiong-huâ Iû-tsìng,3330,0.000111,14,3
operator:nan-Hant,中華郵政,3330,0.000111,14,3
operator:nan-Latn-pehoeji,Tiong-hôa Iû-chèng,3330,0.000111,14,3
laundry_service,yes,3327,0.000111,14,3
contact:youtube,https://youtube.com/user/BankofGeorgiaTV,3320,0.00011,14,3
contact:linkedin,https://linkedin.com/company/bank-of-georgia,3320,0.00011,14,3
source:contact,website,3319,0.00011,15,2
contact:twitter,https://twitter.com/bankofgeorgia,3312,0.00011,14,3
social_facility,shelter,3308,0.00011,17,0
operator:ka,საქართველოს ბანკი,3303,0.00011,14,3
shop,religion,3296,0.00011,17,0
service:vehicle:diagnostics,yes,3294,0.00011,16,1
camp_site,basic,3286,0.000109,17,0
addr:state,OK,3285,0.000109,16,1
network,Supercharger,3283,0.000109,17,0
contact:tiktok,https://www.tiktok.com/@bankofgeorgia,3283,0.000109,14,3
addr:state,ID,3282,0.000109,17,0
townhall:type,city,3282,0.000109,17,0
capacity:disabled,yes,3279,0.000109,14,3
brand:wikipedia,fr:Crédit agricole,3278,0.000109,14,3
position,sidewalk,3274,0.000109,12,3
capacity,28,3273,0.000109,15,1
parking_space,normal,3261,0.000109,16,0
worship,stations_of_the_cross,3249,0.000108,14,3
operator:wikipedia,nl:PostNL,3248,0.000108,15,2
shop,leather,3248,0.000108,15,2
recycling:batteries,no,3242,0.000108,14,3
leisure,bowling_alley,3241,0.000108,15,0
language:fr,yes,3237,0.000108,14,2
sport,shooting,3234,0.000108,16,1
addr:country,PK,3233,0.000108,15,2
brand:uk,ПриватБанк,3232,0.000108,16,1
addr:province,Sindh,3232,0.000108,13,4
check_date,2026-03-28,3232,0.000108,13,4
check_date,2025-10-19,3231,0.000108,15,2
name:ja_rm,Sebun Irebun,3231,0.000108,14,3
check_date,2026-03-07,3230,0.000107,15,2
board_type,sport,3228,0.000107,13,4
craft,beekeeper,3224,0.000107,17,0
craft,yes,3221,0.000107,15,2
man_made,cross,3214,0.000107,15,1
contact:ok,https://ok.ru/pyaterochka,3214,0.000107,17,0
board_type,rules,3212,0.000107,15,2
fuel:e85,yes,3210,0.000107,15,2
fuel:cng,no,3199,0.000106,16,1
maxheight:signed,no,3198,0.000106,13,4
entrance:step_count,1,3197,0.000106,13,3
direction,E,3195,0.000106,17,0
bike_ride,no,3194,0.000106,15,2
indoor,room,3190,0.000106,15,2
healthcare,nurse,3180,0.000106,16,1
addr:state,PR,3175,0.000106,15,2
addr:municipality,Ilemela,3169,0.000105,13,2
operator:type,university,3168,0.000105,15,0
royal_cypher:wikidata,Q33102356,3168,0.000105,15,2
amenity,table,3165,0.000105,15,1
wheelchair:turning_circle,yes,3160,0.000105,13,4
man_made,yes,3158,0.000105,16,1
payment:wire_transfer,yes,3157,0.000105,16,0
post_box:design,type_b,3151,0.000105,14,3
ssr:type,seterStøl,3151,0.000105,17,0
payment:ep_easywallet,yes,3150,0.000105,13,4
toilets:unisex,yes,3149,0.000105,17,0
collection_times,Mo-Fr 09:00,3145,0.000105,16,0
operator:wikidata,Q740553,3143,0.000105,15,2
direction,300,3142,0.000105,15,2
direction,120,3142,0.000105,17,0
healthcare:speciality,biology,3140,0.000104,14,2
direction,N,3138,0.000104,17,0
colour,purple,3137,0.000104,13,4
drought_prone,no,3131,0.000104,15,2
brand:en,Anganwadi,3127,0.000104,15,2
currency:PLN,yes,3120,0.000104,14,3
drink:tea,yes,3118,0.000104,15,1
source:heritage,"data.gouv.fr, Ministère de la Culture - 2016",3110,0.000103,14,3
artwork_type,mosaic,3108,0.000103,16,0
operator:wikidata,Q60901,3106,0.000103,14,3
brand:wikipedia,en:FamilyMart,3105,0.000103,15,2
memorial,cross,3102,0.000103,17,0
operator:wikipedia,es:Correos (España),3102,0.000103,15,2
shop,food,3098,0.000103,16,1
shop,games,3095,0.000103,15,1
amenity,dancing_school,3092,0.000103,15,2
display,digital,3091,0.000103,14,3
source:date,2017-08-31,3090,0.000103,13,2
network,Stolpersteine,3089,0.000103,13,3
waste,cigarettes,3089,0.000103,14,2
clothes,men;women,3087,0.000103,15,2
operator:type,private_non_profit,3085,0.000103,15,2
check_date,2025-08-01,3084,0.000103,17,0
check_date,2026-04-18,3083,0.000103,15,2
memorial:conflict,WW1,3082,0.000103,16,1
check_date,2026-04-05,3077,0.000102,15,1
payment:coins,no,3071,0.000102,16,1
service,tyres,3063,0.000102,15,2
currency:CHF,yes,3058,0.000102,14,2
community_centre,youth_centre,3054,0.000102,15,2
archaeological_site,settlement,3051,0.000102,17,0
toilets:paper_supplied,yes,3049,0.000101,15,2
tower:type,observation,3048,0.000101,17,0
addr:country,HT,3047,0.000101,16,0
leaf_type,broadleaved,3042,0.000101,15,1
payment:account_cards,yes,3029,0.000101,15,2
brand:zh,全家便利商店,3026,0.000101,16,1
office,construction_company,3017,0.0001,15,2
healthcare:speciality,orthopaedics,3013,0.0001,13,4
amenity,polling_station,3012,0.0001,17,0
source:addr,cuzk:ruian,3006,0.0001,14,3
recycling:small_electrical_appliances,yes,2999,0.0001,13,4
community_centre,village_hall,2998,0.0001,17,0
check_date,2026-03-08,2994,0.0001,15,2
service:vehicle:brakes,yes,2990,9.9e-05,15,2
statue,saint,2989,9.9e-05,15,2
amenity,waste_transfer_station,2977,9.9e-05,16,1
check_date,2025-08-30,2976,9.9e-05,15,2
capacity,32,2973,9.9e-05,14,3
source:name,GNS,2968,9.9e-05,17,0
socket:schuko,2,2967,9.9e-05,15,2
operational_status,closed,2967,9.9e-05,17,0
payment:cash:EUR,yes,2959,9.8e-05,14,3
operator:wikidata,Q1515015,2957,9.8e-05,16,1
healthcare,speech_therapist,2954,9.8e-05,14,3
statue,virgin,2950,9.8e-05,14,3
surveillance,indoor,2949,9.8e-05,16,0
sport,skateboard,2946,9.8e-05,15,1
direction,150,2945,9.8e-05,15,2
historic:civilization,modern,2942,9.8e-05,17,0
operator:wikidata,Q75560554,2940,9.8e-05,13,0
socket:type2_cable,1,2938,9.8e-05,16,1
addr:province,전라남도,2937,9.8e-05,15,2
addr:block_number,3,2933,9.8e-05,14,3
check_date,2025-09-20,2932,9.8e-05,15,2
waterway,waterfall,2926,9.7e-05,17,0
check_date,2025-08-31,2925,9.7e-05,13,4
impromptu,yes,2920,9.7e-05,17,0
natural,cave_entrance,2920,9.7e-05,17,0
hgv:lanes,yes,2919,9.7e-05,14,1
denomination,shia,2917,9.7e-05,17,0
type:FR:FINESS,620,2917,9.7e-05,15,2
healthcare:speciality,psychiatry,2917,9.7e-05,15,0
addr:state,México,2913,9.7e-05,13,4
brand:wikipedia,en:Domino's Pizza,2913,9.7e-05,16,1
capacity:disabled,2,2912,9.7e-05,15,2
check_date,2026-02-21,2911,9.7e-05,14,3
outdoor_seating,pedestrian_zone,2906,9.7e-05,14,3
parking:fee,yes,2900,9.6e-05,15,1
tumulus,keyhole_tomb,2899,9.6e-05,17,0
check_date,2025-11-15,2899,9.6e-05,13,3
service:vehicle:body_repair,yes,2898,9.6e-05,14,3
addr:district,Bağcılar,2896,9.6e-05,13,4
organic,no,2895,9.6e-05,14,3
ref:FR:NAF,56.10A,2894,9.6e-05,14,2
ele,3,2892,9.6e-05,17,0
brand:wikipedia,ru:Wildberries,2892,9.6e-05,16,0
currency:UAH,yes,2891,9.6e-05,16,1
service:vehicle:inspection,yes,2891,9.6e-05,15,2
bike_ride,yes,2891,9.6e-05,14,3
operator:wikipedia,zh:中華郵政,2887,9.6e-05,14,3
denomination,jehovahs_witness,2884,9.6e-05,16,0
name:ml,അങ്കണവാടി,2876,9.6e-05,13,4
leisure,water_park,2876,9.6e-05,17,0
payment:cash:USD,yes,2876,9.6e-05,14,3
direction,160,2875,9.6e-05,15,0
name:ta,அங்கன்வாடி,2872,9.6e-05,13,4
brand:fr,Anganwadi,2872,9.6e-05,13,4
brand:ml,അങ്കണവാടി,2872,9.6e-05,13,4
brand:te,అంగన్వాడి,2871,9.6e-05,13,4
brand:de,Anganwadi,2871,9.6e-05,13,4
brand:as,অংগনবাদী,2871,9.6e-05,13,4
brand:ks,آنگن واڑی,2871,9.6e-05,13,4
name:as,অংগনবাদী,2871,9.6e-05,13,4
brand:ta,அங்கன்வாடி,2871,9.6e-05,13,4
service:bicycle:second_hand,yes,2871,9.6e-05,15,2
name:te,అంగన్వాడి,2871,9.6e-05,13,4
brand:es,Anganwadi,2871,9.6e-05,13,4
name:ks,آنگن واڑی,2871,9.6e-05,13,4
waste,trash;dog_excrement,2868,9.5e-05,15,2
check_date,2025-08-23,2867,9.5e-05,15,2
lcn,yes,2867,9.5e-05,14,3
addr:state,NH,2865,9.5e-05,16,1
sanitary_dump_station,yes,2864,9.5e-05,17,0
check_date,2025-10-18,2861,9.5e-05,15,2
collection_times,08:00;Mo-Fr 08:00,2858,9.5e-05,16,1
brand:uk,Нова Пошта,2857,9.5e-05,16,1
network:zh,微笑單車,2857,9.5e-05,13,4
payment:bancomat,yes,2856,9.5e-05,14,3
check_date,2025-07-19,2856,9.5e-05,15,2
brand:en,Nova Poshta,2856,9.5e-05,16,1
check_date,2025-07-27,2856,9.5e-05,14,3
operator:wikidata,Q5176149,2851,9.5e-05,16,0
snowmobile,yes,2851,9.5e-05,17,0
clothes,sports,2848,9.5e-05,16,1
sport,equestrian,2844,9.5e-05,16,0
loading_dock,yes,2830,9.4e-05,15,2
laundry_service,no,2827,9.4e-05,13,4
brand:ja,エネオス,2826,9.4e-05,16,1
healthcare:speciality,internal,2823,9.4e-05,13,4
check_date,2026-04-12,2816,9.4e-05,13,4
network,YouBike 2.0,2816,9.4e-05,13,4
direction,170,2809,9.3e-05,16,1
check_date,2025-12-27,2806,9.3e-05,15,1
capacity,26,2804,9.3e-05,15,2
lottery,yes,2803,9.3e-05,14,3
check_date,2025-04-26,2802,9.3e-05,13,4
location,surface,2795,9.3e-05,13,4
check_date,2025-12-13,2792,9.3e-05,13,4
check_date,2025-11-09,2791,9.3e-05,14,2
check_date,2024-08-20,2789,9.3e-05,14,2
leisure,escape_game,2788,9.3e-05,15,1
brand:en,ENEOS,2787,9.3e-05,16,1
check_date,2025-09-13,2786,9.3e-05,16,0
operator:wikidata,Q482490,2783,9.3e-05,15,2
craft,pottery,2781,9.3e-05,16,0
check_date,2025-07-10,2780,9.3e-05,14,3
check_date,2025-06-07,2780,9.3e-05,15,2
check_date,2025-06-28,2778,9.2e-05,13,4
contact:postcode,75010,2778,9.2e-05,10,7
addr:state,Haryana,2776,9.2e-05,16,1
addr:country,SG,2775,9.2e-05,13,4
check_date,2026-04-09,2772,9.2e-05,16,0
service:bicycle:pump,no,2762,9.2e-05,14,3
brand:wikipedia,uk:ПриватБанк,2759,9.2e-05,16,1
check_date,2026-04-06,2758,9.2e-05,15,0
brand:wikipedia,en:Burger King,2758,9.2e-05,17,0
scooter,yes,2757,9.2e-05,15,2
check_date,2025-09-28,2755,9.2e-05,15,2
format:top,rounded,2753,9.2e-05,15,2
cafe,yes,2752,9.2e-05,16,1
recycling:scrap_metal,no,2748,9.1e-05,14,3
board_type,board,2748,9.1e-05,17,0
check_date,2025-11-16,2748,9.1e-05,15,2
pump,powered,2745,9.1e-05,17,0
addr:floor,3,2745,9.1e-05,12,5
check_date,2025-05-25,2744,9.1e-05,14,3
check_date,2025-08-08,2744,9.1e-05,15,2
addr:province,Nova Scotia,2741,9.1e-05,17,0
payment:ep_icash,yes,2739,9.1e-05,14,3
check_date,2026-02-01,2739,9.1e-05,16,1
operator:zh,微笑單車股份有限公司,2738,9.1e-05,14,3
material,iron,2738,9.1e-05,16,0
brewery,various,2738,9.1e-05,16,1
addr:district,Zeytinburnu,2734,9.1e-05,12,4
check_date,2026-01-17,2733,9.1e-05,14,3
socket:type2,4,2733,9.1e-05,15,2
capacity:teachers,3,2730,9.1e-05,17,0
name:hi,आँगनवाडी,2729,9.1e-05,15,2
fortification_type,hill_fort,2727,9.1e-05,16,0
direction,45,2725,9.1e-05,16,0
check_date,2025-11-30,2721,9.1e-05,15,2
rooms,2,2720,9.1e-05,16,1
noexit,yes,2720,9.1e-05,16,1
check_date,2024-08-18,2719,9e-05,13,4
check_date,2025-09-06,2718,9e-05,14,3
check_date,2025-08-09,2713,9e-05,15,2
tourism,zoo,2713,9e-05,17,0
addr:district,Kisoro,2712,9e-05,15,0
check_date,2026-04-08,2711,9e-05,14,3
brand:ko,서울자전거 따릉이,2703,9e-05,12,5
network,서울자전거 따릉이,2703,9e-05,12,5
royal_cypher,EVIIR,2703,9e-05,15,2
network:en,Seoul Bike,2702,9e-05,12,5
operator:ko,서울시설공단,2702,9e-05,12,5
brand:en,Seoul Bike,2702,9e-05,12,5
brand:website,https://www.bikeseoul.com/,2702,9e-05,12,5
network:ko,서울자전거 따릉이,2702,9e-05,12,5
operator:en,Seoul Facilities Corporation,2702,9e-05,12,5
format:top,flat,2701,9e-05,14,3
informal,no,2700,9e-05,17,0
ele,2,2699,9e-05,16,0
check_date,2024-10-12,2695,9e-05,17,0
check_date,2025-11-08,2693,9e-05,14,0
tomb,tumulus,2691,9e-05,17,0
direction,250,2690,9e-05,16,1
natural,stone,2686,8.9e-05,17,0
collection_times,Mo-Fr 10:00,2685,8.9e-05,16,1
operator:wikidata,Q593786,2685,8.9e-05,16,1
payment:app:tesla,yes,2684,8.9e-05,17,0
permanent_camping,no,2676,8.9e-05,16,1
check_date,2026-03-20,2671,8.9e-05,16,1
check_date,2026-03-01,2669,8.9e-05,15,2
check_date,2025-08-02,2668,8.9e-05,16,0
cityracks.large,0,2666,8.9e-05,12,5
shop,swimming_pool,2664,8.9e-05,16,1
amperage,32,2663,8.9e-05,15,2
craft,blacksmith,2660,8.9e-05,16,0
brand:en,Tesla Supercharger,2660,8.9e-05,17,0
check_date,2026-03-19,2658,8.8e-05,14,3
check_date,2026-04-03,2658,8.8e-05,14,1
addr:province,Davao del Sur,2657,8.8e-05,15,2
brand:en,HELLO CYCLING,2657,8.8e-05,13,3
check_date,2026-03-13,2657,8.8e-05,16,0
brand:ru,Магнит,2652,8.8e-05,16,0
capacity,19,2651,8.8e-05,15,2
short_name:en,JP,2648,8.8e-05,16,0
sport,boules,2646,8.8e-05,16,1
operator:wikipedia,"en:Tesla, Inc.",2645,8.8e-05,17,0
healthcare,rehabilitation,2645,8.8e-05,16,1
surface,fine_gravel,2642,8.8e-05,17,0
contact:housenumber,3,2642,8.8e-05,14,2
payment:alipay,yes,2640,8.8e-05,15,2
brand:zh,肯德基,2638,8.8e-05,17,0
ele,1,2633,8.8e-05,17,0
check_date,2025-12-20,2632,8.8e-05,13,4
office,security,2632,8.8e-05,17,0
capacity,13,2631,8.8e-05,14,3
speech_output,yes,2627,8.7e-05,15,2
direction,190,2621,8.7e-05,15,2
office,union,2618,8.7e-05,16,1
check_date,2026-02-15,2615,8.7e-05,16,1
material,stainless_steel,2614,8.7e-05,13,2
check_date,2025-11-01,2613,8.7e-05,13,4
addr:country,TR,2612,8.7e-05,17,0
amenity,conference_centre,2612,8.7e-05,17,0
payment:dkv,yes,2611,8.7e-05,14,3
check_date,2025-08-10,2602,8.7e-05,14,3
check_date,2025-07-14,2602,8.7e-05,15,2
brand:wikipedia,uk:Нова Пошта,2602,8.7e-05,16,1
app_operated,only,2601,8.7e-05,15,2
direction,210,2601,8.7e-05,16,0
contact:youtube,https://www.youtube.com/channel/UCUgNSjGSiSdJBTjGG2IA4JA,2597,8.6e-05,16,1
surveillance,outdoor,2594,8.6e-05,14,3
healthcare:speciality,osteopathy,2593,8.6e-05,14,3
information,stele,2592,8.6e-05,17,0
network:en,HELLO CYCLING,2591,8.6e-05,13,3
fitness_station,yes,2589,8.6e-05,15,2
artwork_type,stone,2589,8.6e-05,16,0
operator:wikidata,Q43593262,2585,8.6e-05,13,3
check_date,2025-09-27,2583,8.6e-05,14,3
format,obelisk,2583,8.6e-05,17,0
check_date,2026-01-18,2582,8.6e-05,14,3
check_date,2023-02-07,2580,8.6e-05,16,1
check_date,2026-04-17,2577,8.6e-05,14,1
historic,manor,2576,8.6e-05,17,0
currency:GBP,yes,2574,8.6e-05,15,0
check_date,2025-10-12,2572,8.6e-05,14,1
brand:wikipedia,ru:Сбербанк России,2572,8.6e-05,16,1
check_date,2025-08-06,2572,8.6e-05,13,4
rooms,3,2571,8.6e-05,16,1
emergency,access_point,2568,8.5e-05,13,4
check_date,2025-08-11,2564,8.5e-05,14,3
service:vehicle:used_car_sales,yes,2560,8.5e-05,17,0
check_date,2025-12-06,2554,8.5e-05,14,3
orientation,parallel,2554,8.5e-05,17,0
check_date,2024-02-10,2547,8.5e-05,16,1
drink:soft_drink,yes,2547,8.5e-05,15,2
check_date,2025-10-31,2547,8.5e-05,14,3
community_centre,community_hall,2545,8.5e-05,17,0
sport,gymnastics,2544,8.5e-05,15,2
socket:type2_combo:output,150 kW,2538,8.4e-05,16,1
social_facility:for,disabled,2538,8.4e-05,14,2
isced:level,2;3;4,2535,8.4e-05,14,2
health_facility:type,office,2531,8.4e-05,17,0
payment:wechat,yes,2525,8.4e-05,15,2
map_size,local,2524,8.4e-05,15,2
check_date,2026-02-08,2519,8.4e-05,15,2
check_date,2025-08-21,2519,8.4e-05,15,2
check_date,2026-03-14,2519,8.4e-05,15,2
check_date,2025-08-24,2516,8.4e-05,15,1
amenity,reception_desk,2514,8.4e-05,16,1
direction,100,2511,8.4e-05,15,2
direction,240,2507,8.3e-05,15,2
shop,weapons,2506,8.3e-05,16,0
guest_house,guest_house,2506,8.3e-05,17,0
cash_out:notes,yes,2504,8.3e-05,15,2
leisure,track,2504,8.3e-05,17,0
isced:level,2;1,2501,8.3e-05,17,0
maxheight,1.9,2498,8.3e-05,12,5
check_date,2025-10-25,2497,8.3e-05,14,3
fuel,electric,2495,8.3e-05,17,0
operator:uk,"Товариство з обмеженою відповідальністю ""Нова Пошта""",2493,8.3e-05,16,1
information,sign,2493,8.3e-05,16,0
addr:state,MS,2492,8.3e-05,16,1
check_date,2025-05-18,2488,8.3e-05,15,2
amenity,animal_boarding,2486,8.3e-05,16,1
check_date,2026-01-22,2484,8.3e-05,14,3
fountain,bottle_refill,2482,8.3e-05,16,0
contact:housenumber,4,2481,8.3e-05,15,0
recycling_type,reverse_vending_machine,2479,8.2e-05,15,1
office,courier,2477,8.2e-05,15,2
survey:date,2013-12-10,2474,8.2e-05,14,2
check_date,2025-11-02,2471,8.2e-05,13,4
check_date,2025-08-17,2467,8.2e-05,15,2
check_date,2025-10-11,2467,8.2e-05,14,3
check_date,2025-06-15,2464,8.2e-05,15,2
brand:wikipedia,id:Indomaret,2459,8.2e-05,16,1
name:id,Indomaret,2454,8.2e-05,16,1
check_date,2025-09-14,2450,8.2e-05,15,2
service:vehicle:new_car_sales,yes,2450,8.2e-05,16,0
addr:province,广东省,2449,8.1e-05,15,2
operator:wikidata,Q138952882,2448,8.1e-05,15,1
layer,2,2448,8.1e-05,14,3
check_date,2025-09-07,2447,8.1e-05,14,3
check_date,2026-03-10,2447,8.1e-05,14,3
board_type,map,2446,8.1e-05,17,0
barrier,turnstile,2446,8.1e-05,12,4
operational_status,needs_maintenance,2442,8.1e-05,15,2
brand:website,https://caixabank.es,2439,8.1e-05,15,2
network,Citi Bike,2439,8.1e-05,11,6
toilets:num_chambers,2,2437,8.1e-05,13,4
addr:province,AB,2436,8.1e-05,17,0
network:wikidata,Q2974438,2436,8.1e-05,11,6
operator:wikipedia,uk:ПриватБанк,2434,8.1e-05,16,1
door,overhead,2434,8.1e-05,13,4
check_date,2026-02-14,2431,8.1e-05,15,0
check_date,2025-09-21,2426,8.1e-05,14,2
check_date,2025-08-26,2426,8.1e-05,14,3
guide_type,intermediary,2423,8.1e-05,15,2
check_date,2026-02-22,2420,8.1e-05,16,1
check_date,2026-03-12,2419,8e-05,16,0
direction,260,2418,8e-05,16,1
cityracks.small,1,2414,8e-05,12,5
addr:postcode:source,"Date de la Poșta Română, publicate sub Licența pentru Guvernare Deschisă v1.0 la http://date.gov.ro/organization/posta-romana",2414,8e-05,14,3
check_date,2025-05-01,2411,8e-05,14,3
currency:INR,yes,2410,8e-05,15,2
diet:non-vegetarian,yes,2408,8e-05,15,2
operator:wikidata,Q2662336,2407,8e-05,16,1
check_date,2025-10-16,2406,8e-05,14,2
amenity,animal_shelter,2403,8e-05,16,1
unisex,no,2402,8e-05,15,1
brand:en,iBox,2402,8e-05,14,3
brand:zh,i郵箱,2402,8e-05,14,3
brand:nan,i-iû-siuⁿ,2402,8e-05,14,3
brand:nan-Latn-pehoeji,i-iû-siuⁿ,2401,8e-05,14,3
brand:nan-Latn-tailo,i-iû-siunn,2401,8e-05,14,3
operator:zh-Hant,中華郵政,2401,8e-05,14,3
operator:zh-Hans,中华邮政,2401,8e-05,14,3
brand:nan-Hant,i郵箱,2401,8e-05,14,3
check_date,2026-04-07,2399,8e-05,15,2
direction,220,2398,8e-05,16,0
check_date,2025-07-12,2395,8e-05,14,3
natural,rock,2393,8e-05,17,0
service:vehicle:glass,yes,2392,8e-05,15,2
addr:district,Ubungo,2392,8e-05,13,4
capacity,36,2392,8e-05,15,2
source:date,2021-10-05 16:58,2389,7.9e-05,14,3
operator:ru,Белпочта,2388,7.9e-05,16,1
payment:lightning:requires_companion_app,yes,2388,7.9e-05,17,0
description:payment,郵政金融卡/悠遊卡/一卡通/愛金卡,2388,7.9e-05,14,3
operator:be,Белпошта,2386,7.9e-05,16,1
artwork_type,painting,2386,7.9e-05,16,1
operator:en,Belposhta,2384,7.9e-05,16,1
contact:vk,https://vk.com/pyaterochka_shop,2381,7.9e-05,17,0
operator:wikidata,Q1152124,2377,7.9e-05,13,4
seasonal,summer,2377,7.9e-05,17,0
addr:floor,G;1,2374,7.9e-05,14,3
ownership,private_nonprofit,2374,7.9e-05,17,0
restaurant,yes,2372,7.9e-05,17,0
operator:en,PrivatBank,2372,7.9e-05,16,1
addr:district,文山區,2371,7.9e-05,12,4
brand:zh-Hant,i郵箱,2371,7.9e-05,14,3
operator:uk,ПриватБанк,2371,7.9e-05,16,1
brand:zh-Hans,i邮箱,2371,7.9e-05,14,3
check_date,2025-07-30,2371,7.9e-05,15,1
check_date,2025-07-25,2370,7.9e-05,15,1
outdoor,yes,2360,7.9e-05,15,2
check_date,2025-12-07,2360,7.9e-05,16,0
check_date,2025-08-16,2359,7.8e-05,15,2
check_date,2025-10-05,2359,7.8e-05,15,1
operator:ru,ПриватБанк,2359,7.8e-05,16,1
seats,12,2358,7.8e-05,13,4
check_date,2025-10-03,2356,7.8e-05,13,4
sanitary_dump_station,no,2356,7.8e-05,17,0
check_date,2025-11-29,2352,7.8e-05,13,2
check_date,2026-02-07,2347,7.8e-05,13,4
operator:addr,"2351 Alsónémedi, Európa utca 2.",2347,7.8e-05,14,3
addr:state,VT,2347,7.8e-05,15,2
contact:youtube,https://www.youtube.com/channel/UC-Lv4AkW50HM80ZZQEq8Sqw/,2347,7.8e-05,14,3
note:en,Guardian dog,2346,7.8e-05,15,2
check_date,2025-07-20,2346,7.8e-05,14,3
ref:HU:company,13-09-111755,2346,7.8e-05,14,3
ref:HU:vatin,12369410-2-44,2346,7.8e-05,14,3
cargo,passengers,2344,7.8e-05,17,0
flood_prone,yes,2341,7.8e-05,17,0
religion,jewish,2341,7.8e-05,15,2
brand:zh,星巴克,2339,7.8e-05,16,0
building:material,plastic,2339,7.8e-05,12,3
check_date:opening_hours,2024-07-11,2337,7.8e-05,14,2
check_date,2025-06-20,2336,7.8e-05,14,0
check_date,2026-04-14,2335,7.8e-05,15,2
socket:type1,2,2335,7.8e-05,15,2
check_date,2026-01-04,2333,7.8e-05,14,2
language:hu,yes,2331,7.8e-05,12,2
royal_cypher:wikidata,Q33102324,2330,7.8e-05,15,2
amenity,hookah_lounge,2328,7.7e-05,12,5
mineral,lead,2328,7.7e-05,14,3
craft,signmaker,2327,7.7e-05,16,0
colour,blue;grey,2327,7.7e-05,14,3
brand:wikipedia,es:CaixaBank,2326,7.7e-05,15,2
shop,pottery,2326,7.7e-05,15,2
toilets:wheelchair,limited,2324,7.7e-05,16,0
brand:wikipedia,en:Dm-drogerie markt,2323,7.7e-05,12,5
operator:wikidata,Q7492609,2322,7.7e-05,14,3
operator:wikidata,Q93090957,2321,7.7e-05,13,4
operator:wikipedia,fr:SNCF Voyageurs,2321,7.7e-05,13,4
car_wash,yes,2320,7.7e-05,16,1
payment:uta,yes,2319,7.7e-05,15,2
check_date,2026-04-10,2318,7.7e-05,15,2
capacity,60,2318,7.7e-05,16,1
hoops,1,2316,7.7e-05,15,2
check_date,2025-07-13,2313,7.7e-05,16,0
operator:en,Bank of Georgia,2310,7.7e-05,14,3
sides,2,2310,7.7e-05,15,1
amenity,brothel,2309,7.7e-05,14,3
heritage:operator,BLfD,2309,7.7e-05,14,3
direction,280,2307,7.7e-05,15,2
direction,SW,2307,7.7e-05,14,3
addr:state,محافظة بغداد,2304,7.7e-05,15,2
check_date,2025-03-22,2303,7.7e-05,15,1
waste,organic,2301,7.7e-05,15,2
direction,340,2301,7.7e-05,15,2
fortification_type,pa,2300,7.7e-05,15,0
contact:telegram,wbshop_bot,2299,7.7e-05,16,0
waste,trash;dog_excrement;cigarettes,2298,7.6e-05,12,4
currency:CZK,yes,2298,7.6e-05,14,3
operator:wikidata,Q74051230,2298,7.6e-05,14,2
contact:skype,Wildberries_ru,2296,7.6e-05,16,0
direction,330,2295,7.6e-05,16,0
contact:twitter,https://twitter.com/wildberries_ru,2294,7.6e-05,16,0
contact:viber,wildberries,2293,7.6e-05,16,0
check_date,2025-08-12,2293,7.6e-05,15,2
contact:vk,https://vk.com/wbbot,2293,7.6e-05,16,0
check_date,2025-07-26,2292,7.6e-05,14,3
check_date,2025-12-12,2292,7.6e-05,14,3
addr:state,Bolívar,2292,7.6e-05,17,0
parcel_mail_in,no,2291,7.6e-05,15,2
contact:twitter,https://twitter.com/ruspostofficial,2291,7.6e-05,16,0
contact:ok,https://ok.ru/wildberries,2291,7.6e-05,16,0
historic:period,bronze-age,2290,7.6e-05,16,1
map_type,hiking,2288,7.6e-05,15,2
check_date,2026-04-15,2288,7.6e-05,14,3
source:date,2025-07-14,2287,7.6e-05,14,3
operator:ru,Банк Грузии,2287,7.6e-05,14,3
operator:tr,Gürcistan Bankası,2286,7.6e-05,14,3
denomination,anglican,2285,7.6e-05,17,0
shop,window_blind,2285,7.6e-05,15,2
check_date,2026-03-26,2283,7.6e-05,14,1
addr:district,Merkez,2283,7.6e-05,15,1
check_date,2025-04-20,2282,7.6e-05,15,1
historic:civilization,ancient_roman,2278,7.6e-05,17,0
direction,80,2276,7.6e-05,15,0
seamark:small_craft_facility:category,slipway,2275,7.6e-05,16,0
check_date,2024-08-31,2272,7.6e-05,15,2
check_date,2025-08-20,2271,7.6e-05,14,3
language:es,yes,2271,7.6e-05,16,0
recycling:glass_bottles,no,2270,7.6e-05,14,3
check_date,2025-08-03,2270,7.6e-05,15,0
check_date,2025-05-03,2268,7.5e-05,14,3
contact:housenumber,6,2267,7.5e-05,15,2
contact:housenumber,5,2263,7.5e-05,15,2
addr:municipality,Ubungo,2263,7.5e-05,13,4
check_date,2024-03-16,2263,7.5e-05,14,2
GNS:dsg_name,clinic,2259,7.5e-05,17,0
